id_expl,estacaolocalizacao,latitude,longitude,horariofuncionamento,tarifario,formaspagto,contatoservassistencia,wifi,aberturadt,criacaodtt,atualizacaodtt,cp7
464,464 - Av. da Igreja / Rua Afonso Lopes Vieira,38.75165,-9.148427,||> 6h00 - 2h00,||> Anual: 25? ||> Mensal: 15? ||> Diário*: 2? *(Valor promocional conforme termos e condições) ||> Mais informações em: https://www.gira-bicicletasdelisboa.pt/passes-e-tarifarios/,"||> Utilizador Regular: Ref. MB, PayPal, Cartões de Crédito: VISA e MasterCard ||> Utilizador Ocasional: Paypal e Cartões de Crédito: VISA e MasterCard + Valor de Caução de 300?.",||> gira@emel.pt ||> (+351) 211 163 060 (Opção 2 (no IVR)),True,18-11-2017 00:00,09-10-2017 15:22,25-07-2025 07:00,1700013
487,487 - Rua Professor João Barreira,38.76136,-9.17096,||> 6h00 - 2h00,||> Anual: 25? ||> Mensal: 15? ||> Diário*: 2? *(Valor promocional conforme termos e condições) ||> Mais informações em: https://www.gira-bicicletasdelisboa.pt/passes-e-tarifarios/,"||> Utilizador Regular: Ref. MB, PayPal, Cartões de Crédito: VISA e MasterCard ||> Utilizador Ocasional: Paypal e Cartões de Crédito: VISA e MasterCard + Valor de Caução de 300?.",||> gira@emel.pt ||> (+351) 211 163 060 (Opção 2 (no IVR)),True,03-04-2018 00:00,22-03-2018 08:10,25-07-2025 07:00,1600635
421,421 - Alameda D. Afonso Henriques,38.73736,-9.13416,||> 6h00 - 2h00,||> Anual: 25? ||> Mensal: 15? ||> Diário*: 2? *(Valor promocional conforme termos e condições) ||> Mais informações em: https://www.gira-bicicletasdelisboa.pt/passes-e-tarifarios/,"||> Utilizador Regular: Ref. MB, PayPal, Cartões de Crédito: VISA e MasterCard ||> Utilizador Ocasional: Paypal e Cartões de Crédito: VISA e MasterCard + Valor de Caução de 300?.",||> gira@emel.pt ||> (+351) 211 163 060 (Opção 2 (no IVR)),True,05-04-2018 00:00,15-03-2018 19:00,25-07-2025 07:00,1900183
306,306 - Avenida da Liberdade / Rua Alexandre Herculano,38.72281,-9.14854,||> 6h00 - 2h00,||> Anual: 25? ||> Mensal: 15? ||> Diário*: 2? *(Valor promocional conforme termos e condições) ||> Mais informações em: https://www.gira-bicicletasdelisboa.pt/passes-e-tarifarios/,"||> Utilizador Regular: Ref. MB, PayPal, Cartões de Crédito: VISA e MasterCard ||> Utilizador Ocasional: Paypal e Cartões de Crédito: VISA e MasterCard + Valor de Caução de 300?.",||> gira@emel.pt ||> (+351) 211 163 060 (Opção 2 (no IVR)),True,27-03-2018 00:00,15-03-2018 22:12,25-07-2025 07:00,1250142
552,552 - Alameda das Linhas de Torres / Hospital Puli,38.766075,-9.157335,||> 6h00 - 2h00,||> Anual: 25? ||> Mensal: 15? ||> Diário*: 2? *(Valor promocional conforme termos e condições) ||> Mais informações em: https://www.gira-bicicletasdelisboa.pt/passes-e-tarifarios/,"||> Utilizador Regular: Ref. MB, PayPal, Cartões de Crédito: VISA e MasterCard ||> Utilizador Ocasional: Paypal e Cartões de Crédito: VISA e MasterCard + Valor de Caução de 300?.",||> gira@emel.pt ||> (+351) 211 163 060 (Opção 2 (no IVR)),True,05-08-2021 00:00,30-07-2021 11:22,25-07-2025 07:00,1750181
,405 - Rua Pedro Nunes / Av. 5 de Outubro,38.733827,-9.14727,,,,,,,18-12-2024 07:40,25-07-2025 07:00,
555,555 - Alameda das Linhas de Torres,38.770657,-9.160248,||> 6h00 - 2h00,||> Anual: 25? ||> Mensal: 15? ||> Diário*: 2? *(Valor promocional conforme termos e condições) ||> Mais informações em: https://www.gira-bicicletasdelisboa.pt/passes-e-tarifarios/,"||> Utilizador Regular: Ref. MB, PayPal, Cartões de Crédito: VISA e MasterCard ||> Utilizador Ocasional: Paypal e Cartões de Crédito: VISA e MasterCard + Valor de Caução de 300?.",||> gira@emel.pt ||> (+351) 211 163 060 (Opção 2 (no IVR)),True,10-02-2022 00:00,27-01-2022 09:52,25-07-2025 07:00,1750143
401,401 - Rua Martens Ferrão / Av. Fontes Pereira de Melo,38.72894,-9.14742,||> 6h00 - 2h00,||> Anual: 25? ||> Mensal: 15? ||> Diário*: 2? *(Valor promocional conforme termos e condições) ||> Mais informações em: https://www.gira-bicicletasdelisboa.pt/passes-e-tarifarios/,"||> Utilizador Regular: Ref. MB, PayPal, Cartões de Crédito: VISA e MasterCard ||> Utilizador Ocasional: Paypal e Cartões de Crédito: VISA e MasterCard + Valor de Caução de 300?.",||> gira@emel.pt ||> (+351) 211 163 060 (Opção 2 (no IVR)),True,06-06-2018 00:00,16-05-2018 09:07,25-07-2025 07:00,1050116
431,431 - Rua do Arco Cego / Av. Magalhães Lima,38.73937,-9.14199,||> 6h00 - 2h00,||> Anual: 25? ||> Mensal: 15? ||> Diário*: 2? *(Valor promocional conforme termos e condições) ||> Mais informações em: https://www.gira-bicicletasdelisboa.pt/passes-e-tarifarios/,"||> Utilizador Regular: Ref. MB, PayPal, Cartões de Crédito: VISA e MasterCard ||> Utilizador Ocasional: Paypal e Cartões de Crédito: VISA e MasterCard + Valor de Caução de 300?.",||> gira@emel.pt ||> (+351) 211 163 060 (Opção 2 (no IVR)),True,18-11-2017 00:00,12-10-2017 10:57,25-07-2025 07:00,1000044
412,412 - Av. Ressano Garcia / Av. António Augusto de Aguiar,38.73448,-9.1546,||> 6h00 - 2h00,||> Anual: 25? ||> Mensal: 15? ||> Diário*: 2? *(Valor promocional conforme termos e condições) ||> Mais informações em: https://www.gira-bicicletasdelisboa.pt/passes-e-tarifarios/,"||> Utilizador Regular: Ref. MB, PayPal, Cartões de Crédito: VISA e MasterCard ||> Utilizador Ocasional: Paypal e Cartões de Crédito: VISA e MasterCard + Valor de Caução de 300?.",||> gira@emel.pt ||> (+351) 211 163 060 (Opção 2 (no IVR)),True,18-11-2017 00:00,12-10-2017 10:57,25-07-2025 07:00,1070237
438,438 - Avenida Columbano Bordalo Pinheiro / Praça de Espanha,38.738086,-9.159409,||> 6h00 - 2h00,||> Anual: 25? ||> Mensal: 15? ||> Diário*: 2? *(Valor promocional conforme termos e condições) ||> Mais informações em: https://www.gira-bicicletasdelisboa.pt/passes-e-tarifarios/,"||> Utilizador Regular: Ref. MB, PayPal, Cartões de Crédito: VISA e MasterCard ||> Utilizador Ocasional: Paypal e Cartões de Crédito: VISA e MasterCard + Valor de Caução de 300?.",||> gira@emel.pt ||> (+351) 211 163 060 (Opção 2 (no IVR)),True,15-07-2024 00:00,11-06-2023 05:03,25-07-2025 07:00,
442,442 - Campo Pequeno,38.7433709,-9.14523,||> 6h00 - 2h00,||> Anual: 25? ||> Mensal: 15? ||> Diário*: 2? *(Valor promocional conforme termos e condições) ||> Mais informações em: https://www.gira-bicicletasdelisboa.pt/passes-e-tarifarios/,"||> Utilizador Regular: Ref. MB, PayPal, Cartões de Crédito: VISA e MasterCard ||> Utilizador Ocasional: Paypal e Cartões de Crédito: VISA e MasterCard + Valor de Caução de 300?.",||> gira@emel.pt ||> (+351) 211 163 060 (Opção 2 (no IVR)),True,18-11-2017 00:00,12-10-2017 10:57,25-07-2025 07:00,1000078
304,304 - Avenida da Liberdade / São Jorge,38.72026,-9.14637,||> 6h00 - 2h00,||> Anual: 25? ||> Mensal: 15? ||> Diário*: 2? *(Valor promocional conforme termos e condições) ||> Mais informações em: https://www.gira-bicicletasdelisboa.pt/passes-e-tarifarios/,"||> Utilizador Regular: Ref. MB, PayPal, Cartões de Crédito: VISA e MasterCard ||> Utilizador Ocasional: Paypal e Cartões de Crédito: VISA e MasterCard + Valor de Caução de 300?.",||> gira@emel.pt ||> (+351) 211 163 060 (Opção 2 (no IVR)),True,27-03-2018 00:00,15-03-2018 22:00,25-07-2025 07:00,1250200
486,486 - Rua Hermano Neves / Rua José Escada,38.75954,-9.16985,||> 6h00 - 2h00,||> Anual: 25? ||> Mensal: 15? ||> Diário*: 2? *(Valor promocional conforme termos e condições) ||> Mais informações em: https://www.gira-bicicletasdelisboa.pt/passes-e-tarifarios/,"||> Utilizador Regular: Ref. MB, PayPal, Cartões de Crédito: VISA e MasterCard ||> Utilizador Ocasional: Paypal e Cartões de Crédito: VISA e MasterCard + Valor de Caução de 300?.",||> gira@emel.pt ||> (+351) 211 163 060 (Opção 2 (no IVR)),True,03-04-2018 00:00,22-03-2018 08:10,25-07-2025 07:00,1600244
488,488 - Rua Fernando Namora / Rua António Quadros,38.76014,-9.17526,||> 6h00 - 2h00,||> Anual: 25? ||> Mensal: 15? ||> Diário*: 2? *(Valor promocional conforme termos e condições) ||> Mais informações em: https://www.gira-bicicletasdelisboa.pt/passes-e-tarifarios/,"||> Utilizador Regular: Ref. MB, PayPal, Cartões de Crédito: VISA e MasterCard ||> Utilizador Ocasional: Paypal e Cartões de Crédito: VISA e MasterCard + Valor de Caução de 300?.",||> gira@emel.pt ||> (+351) 211 163 060 (Opção 2 (no IVR)),True,03-04-2018 00:00,22-03-2018 08:13,25-07-2025 07:00,1600451
450,450 - Rua Alfredo Cortês,38.746268,-9.143854,||> 6h00 - 2h00,||> Anual: 25? ||> Mensal: 15? ||> Diário*: 2? *(Valor promocional conforme termos e condições) ||> Mais informações em: https://www.gira-bicicletasdelisboa.pt/passes-e-tarifarios/,"||> Utilizador Regular: Ref. MB, PayPal, Cartões de Crédito: VISA e MasterCard ||> Utilizador Ocasional: Paypal e Cartões de Crédito: VISA e MasterCard + Valor de Caução de 300?.",||> gira@emel.pt ||> (+351) 211 163 060 (Opção 2 (no IVR)),True,06-06-2024 00:00,06-06-2024 07:12,25-07-2025 07:00,
414,414 - Av. Duque de Ávila / Rua Pinheiro Chagas,38.735,-9.151,||> 6h00 - 2h00,||> Anual: 25? ||> Mensal: 15? ||> Diário*: 2? *(Valor promocional conforme termos e condições) ||> Mais informações em: https://www.gira-bicicletasdelisboa.pt/passes-e-tarifarios/,"||> Utilizador Regular: Ref. MB, PayPal, Cartões de Crédito: VISA e MasterCard ||> Utilizador Ocasional: Paypal e Cartões de Crédito: VISA e MasterCard + Valor de Caução de 300?.",||> gira@emel.pt ||> (+351) 211 163 060 (Opção 2 (no IVR)),True,18-11-2017 00:00,09-10-2017 15:28,25-07-2025 07:00,1000141
305,305 - Avenida da Liberdade / Rua Barata Salgueiro,38.72228,-9.147,||> 6h00 - 2h00,||> Anual: 25? ||> Mensal: 15? ||> Diário*: 2? *(Valor promocional conforme termos e condições) ||> Mais informações em: https://www.gira-bicicletasdelisboa.pt/passes-e-tarifarios/,"||> Utilizador Regular: Ref. MB, PayPal, Cartões de Crédito: VISA e MasterCard ||> Utilizador Ocasional: Paypal e Cartões de Crédito: VISA e MasterCard + Valor de Caução de 300?.",||> gira@emel.pt ||> (+351) 211 163 060 (Opção 2 (no IVR)),True,27-03-2018 00:00,15-03-2018 22:11,25-07-2025 07:00,1250148
314,314 - Rua Marques da Silva / Rua António Pedro,38.729657,-9.135675,||> 6h00 - 2h00,||> Anual: 25? ||> Mensal: 15? ||> Diário*: 2? *(Valor promocional conforme termos e condições) ||> Mais informações em: https://www.gira-bicicletasdelisboa.pt/passes-e-tarifarios/,"||> Utilizador Regular: Ref. MB, PayPal, Cartões de Crédito: VISA e MasterCard ||> Utilizador Ocasional: Paypal e Cartões de Crédito: VISA e MasterCard + Valor de Caução de 300?.",||> gira@emel.pt ||> (+351) 211 163 060 (Opção 2 (no IVR)),True,31-01-2022 00:00,27-01-2022 09:52,25-07-2025 07:00,1150053
,573 - Avenida Nuno Krus Abecassis / Rua Tito de Morais,38.778408,-9.149151,,,,,,,19-03-2025 07:42,25-04-2025 07:00,
485,485 - Rua Tomás da Fonseca / Rua António Albino Machado,38.756,-9.17,||> 6h00 - 2h00,||> Anual: 25? ||> Mensal: 15? ||> Diário*: 2? *(Valor promocional conforme termos e condições) ||> Mais informações em: https://www.gira-bicicletasdelisboa.pt/passes-e-tarifarios/,"||> Utilizador Regular: Ref. MB, PayPal, Cartões de Crédito: VISA e MasterCard ||> Utilizador Ocasional: Paypal e Cartões de Crédito: VISA e MasterCard + Valor de Caução de 300?.",||> gira@emel.pt ||> (+351) 211 163 060 (Opção 2 (no IVR)),True,03-04-2018 00:00,15-03-2018 21:43,25-07-2025 07:00,1600211
,447 - Av. 5 de Outubro / Av. António Serpa,38.742814,-9.149145,,,,,,,20-02-2025 04:39,25-07-2025 07:00,
468,468 - Largo Frei Heitor Pinto,38.75482,-9.13827,||> 6h00 - 2h00,||> Anual: 25? ||> Mensal: 15? ||> Diário*: 2? *(Valor promocional conforme termos e condições) ||> Mais informações em: https://www.gira-bicicletasdelisboa.pt/passes-e-tarifarios/,"||> Utilizador Regular: Ref. MB, PayPal, Cartões de Crédito: VISA e MasterCard ||> Utilizador Ocasional: Paypal e Cartões de Crédito: VISA e MasterCard + Valor de Caução de 300?.",||> gira@emel.pt ||> (+351) 211 163 060 (Opção 2 (no IVR)),True,18-11-2017 00:00,12-10-2017 09:39,25-07-2025 07:00,1700204
433,433 - Av. Paris / Av. Almirante Reis,38.74095,-9.13409,||> 6h00 - 2h00,||> Anual: 25? ||> Mensal: 15? ||> Diário*: 2? *(Valor promocional conforme termos e condições) ||> Mais informações em: https://www.gira-bicicletasdelisboa.pt/passes-e-tarifarios/,"||> Utilizador Regular: Ref. MB, PayPal, Cartões de Crédito: VISA e MasterCard ||> Utilizador Ocasional: Paypal e Cartões de Crédito: VISA e MasterCard + Valor de Caução de 300?.",||> gira@emel.pt ||> (+351) 211 163 060 (Opção 2 (no IVR)),True,19-09-2019 00:00,10-08-2018 17:15,25-07-2025 07:00,1000226
101,101 - Alameda dos Oceanos / Rua dos Argonautas,38.756161,-9.096804,||> 6h00 - 2h00,||> Anual: 25? ||> Mensal: 15? ||> Diário*: 2? *(Valor promocional conforme termos e condições) ||> Mais informações em: https://www.gira-bicicletasdelisboa.pt/passes-e-tarifarios/,"||> Utilizador Regular: Ref. MB, PayPal, Cartões de Crédito: VISA e MasterCard ||> Utilizador Ocasional: Paypal e Cartões de Crédito: VISA e MasterCard + Valor de Caução de 300?.",||> gira@emel.pt ||> (+351) 211 163 060 (Opção 2 (no IVR)),True,23-06-2017 00:00,02-05-2017 23:28,25-07-2025 07:00,1990196
457,457 - Rua Aboim Ascensão,38.74975,-9.14722,||> 6h00 - 2h00,||> Anual: 25? ||> Mensal: 15? ||> Diário*: 2? *(Valor promocional conforme termos e condições) ||> Mais informações em: https://www.gira-bicicletasdelisboa.pt/passes-e-tarifarios/,"||> Utilizador Regular: Ref. MB, PayPal, Cartões de Crédito: VISA e MasterCard ||> Utilizador Ocasional: Paypal e Cartões de Crédito: VISA e MasterCard + Valor de Caução de 300?.",||> gira@emel.pt ||> (+351) 211 163 060 (Opção 2 (no IVR)),True,18-11-2017 00:00,09-10-2017 11:20,25-07-2025 07:00,1700009
481,481 - Campo Grande / Museu da Cidade,38.758207,-9.156169,||> 6h00 - 2h00,||> Anual: 25? ||> Mensal: 15? ||> Diário*: 2? *(Valor promocional conforme termos e condições) ||> Mais informações em: https://www.gira-bicicletasdelisboa.pt/passes-e-tarifarios/,"||> Utilizador Regular: Ref. MB, PayPal, Cartões de Crédito: VISA e MasterCard ||> Utilizador Ocasional: Paypal e Cartões de Crédito: VISA e MasterCard + Valor de Caução de 300?.",||> gira@emel.pt ||> (+351) 211 163 060 (Opção 2 (no IVR)),True,18-11-2017 00:00,09-10-2017 13:54,25-07-2025 07:00,1700097
502,502 - Rua São Domingos de Benfica / Rua Francisco Gentil Martins,38.741406,-9.176365,||> 6h00 - 2h00,||> Anual: 25? ||> Mensal: 15? ||> Diário*: 2? *(Valor promocional conforme termos e condições) ||> Mais informações em: https://www.gira-bicicletasdelisboa.pt/passes-e-tarifarios/,"||> Utilizador Regular: Ref. MB, PayPal, Cartões de Crédito: VISA e MasterCard ||> Utilizador Ocasional: Paypal e Cartões de Crédito: VISA e MasterCard + Valor de Caução de 300?.",||> gira@emel.pt ||> (+351) 211 163 060 (Opção 2 (no IVR)),True,28-07-2023 00:00,11-06-2023 05:03,25-07-2025 07:00,
316,316 - Rua António Pedro / Rua Pascoal de Melo,38.731424,-9.135356,||> 6h00 - 2h00,||> Anual: 25? ||> Mensal: 15? ||> Diário*: 2? *(Valor promocional conforme termos e condições) ||> Mais informações em: https://www.gira-bicicletasdelisboa.pt/passes-e-tarifarios/,"||> Utilizador Regular: Ref. MB, PayPal, Cartões de Crédito: VISA e MasterCard ||> Utilizador Ocasional: Paypal e Cartões de Crédito: VISA e MasterCard + Valor de Caução de 300?.",||> gira@emel.pt ||> (+351) 211 163 060 (Opção 2 (no IVR)),True,31-01-2022 00:00,27-01-2022 09:52,25-07-2025 07:00,1000040
420,420 - Av. Rovisco Pais / Av. Manuel da Maia,38.73617,-9.13672,||> 6h00 - 2h00,||> Anual: 25? ||> Mensal: 15? ||> Diário*: 2? *(Valor promocional conforme termos e condições) ||> Mais informações em: https://www.gira-bicicletasdelisboa.pt/passes-e-tarifarios/,"||> Utilizador Regular: Ref. MB, PayPal, Cartões de Crédito: VISA e MasterCard ||> Utilizador Ocasional: Paypal e Cartões de Crédito: VISA e MasterCard + Valor de Caução de 300?.",||> gira@emel.pt ||> (+351) 211 163 060 (Opção 2 (no IVR)),True,05-04-2018 00:00,15-03-2018 21:41,25-07-2025 07:00,1000268
362,362 - Avenida Eng. Duarte Pacheco,38.7244122,-9.159288,||> 6h00 - 2h00,||> Anual: 25? ||> Mensal: 15? ||> Diário*: 2? *(Valor promocional conforme termos e condições) ||> Mais informações em: https://www.gira-bicicletasdelisboa.pt/passes-e-tarifarios/,"||> Utilizador Regular: Ref. MB, PayPal, Cartões de Crédito: VISA e MasterCard ||> Utilizador Ocasional: Paypal e Cartões de Crédito: VISA e MasterCard + Valor de Caução de 300?.",||> gira@emel.pt ||> (+351) 211 163 060 (Opção 2 (no IVR)),True,04-05-2022 00:00,22-03-2022 11:34,25-07-2025 07:00,1070100
241,241 - Rua Bartolomeu Dias / Palácio do Governador,38.694942,-9.214902,||> 6h00 - 2h00,||> Anual: 25? ||> Mensal: 15? ||> Diário*: 2? *(Valor promocional conforme termos e condições) ||> Mais informações em: https://www.gira-bicicletasdelisboa.pt/passes-e-tarifarios/,"||> Utilizador Regular: Ref. MB, PayPal, Cartões de Crédito: VISA e MasterCard ||> Utilizador Ocasional: Paypal e Cartões de Crédito: VISA e MasterCard + Valor de Caução de 300?.",||> gira@emel.pt ||> (+351) 211 163 060 (Opção 2 (no IVR)),True,15-07-2024 00:00,11-06-2023 05:03,25-07-2025 07:00,
417,417 - Av. Duque de Ávila / Jardim Arco Do Cego,38.735352,-9.142703,||> 6h00 - 2h00,||> Anual: 25? ||> Mensal: 15? ||> Diário*: 2? *(Valor promocional conforme termos e condições) ||> Mais informações em: https://www.gira-bicicletasdelisboa.pt/passes-e-tarifarios/,"||> Utilizador Regular: Ref. MB, PayPal, Cartões de Crédito: VISA e MasterCard ||> Utilizador Ocasional: Paypal e Cartões de Crédito: VISA e MasterCard + Valor de Caução de 300?.",||> gira@emel.pt ||> (+351) 211 163 060 (Opção 2 (no IVR)),True,06-12-2017 00:00,26-10-2017 15:27,25-07-2025 07:00,1000141
219,219 - Praça do Município,38.70797,-9.13951,||> 6h00 - 2h00,||> Anual: 25? ||> Mensal: 15? ||> Diário*: 2? *(Valor promocional conforme termos e condições) ||> Mais informações em: https://www.gira-bicicletasdelisboa.pt/passes-e-tarifarios/,"||> Utilizador Regular: Ref. MB, PayPal, Cartões de Crédito: VISA e MasterCard ||> Utilizador Ocasional: Paypal e Cartões de Crédito: VISA e MasterCard + Valor de Caução de 300?.",||> gira@emel.pt ||> (+351) 211 163 060 (Opção 2 (no IVR)),True,29-05-2018 00:00,15-03-2018 21:59,25-07-2025 07:00,1200005
220,220 - Rua do Comercio,38.70878,-9.137125,||> 6h00 - 2h00,||> Anual: 25? ||> Mensal: 15? ||> Diário*: 2? *(Valor promocional conforme termos e condições) ||> Mais informações em: https://www.gira-bicicletasdelisboa.pt/passes-e-tarifarios/,"||> Utilizador Regular: Ref. MB, PayPal, Cartões de Crédito: VISA e MasterCard ||> Utilizador Ocasional: Paypal e Cartões de Crédito: VISA e MasterCard + Valor de Caução de 300?.",||> gira@emel.pt ||> (+351) 211 163 060 (Opção 2 (no IVR)),True,31-01-2022 00:00,21-01-2022 13:09,25-07-2025 07:00,1100150
104,104 - Gare do Oriente,38.766716,-9.097322,||> 6h00 - 2h00,||> Anual: 25? ||> Mensal: 15? ||> Diário*: 2? *(Valor promocional conforme termos e condições) ||> Mais informações em: https://www.gira-bicicletasdelisboa.pt/passes-e-tarifarios/,"||> Utilizador Regular: Ref. MB, PayPal, Cartões de Crédito: VISA e MasterCard ||> Utilizador Ocasional: Paypal e Cartões de Crédito: VISA e MasterCard + Valor de Caução de 300?.",||> gira@emel.pt ||> (+351) 211 163 060 (Opção 2 (no IVR)),True,21-06-2017 00:00,02-05-2017 23:28,25-07-2025 07:00,1990083
206,206 - Av. Brasília / Doca de Alcântara,38.70141,-9.17502,||> 6h00 - 2h00,||> Anual: 25? ||> Mensal: 15? ||> Diário*: 2? *(Valor promocional conforme termos e condições) ||> Mais informações em: https://www.gira-bicicletasdelisboa.pt/passes-e-tarifarios/,"||> Utilizador Regular: Ref. MB, PayPal, Cartões de Crédito: VISA e MasterCard ||> Utilizador Ocasional: Paypal e Cartões de Crédito: VISA e MasterCard + Valor de Caução de 300?.",||> gira@emel.pt ||> (+351) 211 163 060 (Opção 2 (no IVR)),True,13-07-2021 00:00,10-08-2018 19:31,25-07-2025 07:00,1399049
131,131 - Avenida de Berlim / Praça Baden Powell,38.768137,-9.110767,||> 6h00 - 2h00,||> Anual: 25? ||> Mensal: 15? ||> Diário*: 2? *(Valor promocional conforme termos e condições) ||> Mais informações em: https://www.gira-bicicletasdelisboa.pt/passes-e-tarifarios/,"||> Utilizador Regular: Ref. MB, PayPal, Cartões de Crédito: VISA e MasterCard ||> Utilizador Ocasional: Paypal e Cartões de Crédito: VISA e MasterCard + Valor de Caução de 300?.",||> gira@emel.pt ||> (+351) 211 163 060 (Opção 2 (no IVR)),True,29-07-2021 00:00,27-07-2021 07:27,25-07-2025 07:00,1800280
419,419 - Av. António José de Almeida / Instituto Superior Técnico,38.73811,-9.13956,||> 6h00 - 2h00,||> Anual: 25? ||> Mensal: 15? ||> Diário*: 2? *(Valor promocional conforme termos e condições) ||> Mais informações em: https://www.gira-bicicletasdelisboa.pt/passes-e-tarifarios/,"||> Utilizador Regular: Ref. MB, PayPal, Cartões de Crédito: VISA e MasterCard ||> Utilizador Ocasional: Paypal e Cartões de Crédito: VISA e MasterCard + Valor de Caução de 300?.",||> gira@emel.pt ||> (+351) 211 163 060 (Opção 2 (no IVR)),True,06-06-2018 00:00,03-05-2018 09:46,25-07-2025 07:00,1050134
281,281 - HUB Criativo do Beato Nascente,38.731578,-9.105308,||> 6h00 - 2h00,||> Anual: 25? ||> Mensal: 15? ||> Diário*: 2? *(Valor promocional conforme termos e condições) ||> Mais informações em: https://www.gira-bicicletasdelisboa.pt/passes-e-tarifarios/,"||> Utilizador Regular: Ref. MB, PayPal, Cartões de Crédito: VISA e MasterCard ||> Utilizador Ocasional: Paypal e Cartões de Crédito: VISA e MasterCard + Valor de Caução de 300?.",||> gira@emel.pt ||> (+351) 211 163 060 (Opção 2 (no IVR)),True,28-07-2023 00:00,11-06-2023 05:03,25-07-2025 07:00,
,251 - Rua Almerindo Lessa / ISCSP,38.713538,-9.198276,,,,,,,26-03-2025 12:19,25-07-2025 07:00,
,252 - Avenida da Universidade Técnica / Rua Sá Nogueira,38.713721,-9.196554,,,,,,,26-04-2025 12:20,25-07-2025 07:00,
,254 - Rua Joaquim Fiadeiro / Residência Universitária,38.711498,-9.194361,,,,,,,26-03-2025 12:19,25-07-2025 07:00,
556,556 - Alamedas das Linhas de Torres / Estrada da T,38.773489,-9.161462,||> 6h00 - 2h00,||> Anual: 25? ||> Mensal: 15? ||> Diário*: 2? *(Valor promocional conforme termos e condições) ||> Mais informações em: https://www.gira-bicicletasdelisboa.pt/passes-e-tarifarios/,"||> Utilizador Regular: Ref. MB, PayPal, Cartões de Crédito: VISA e MasterCard ||> Utilizador Ocasional: Paypal e Cartões de Crédito: VISA e MasterCard + Valor de Caução de 300?.",||> gira@emel.pt ||> (+351) 211 163 060 (Opção 2 (no IVR)),True,05-08-2021 00:00,30-07-2021 11:25,25-07-2025 07:00,1750148
133,133 - Rua Cidade de Benguela / Avenida Cidade de L,38.76503,-9.110724,||> 6h00 - 2h00,||> Anual: 25? ||> Mensal: 15? ||> Diário*: 2? *(Valor promocional conforme termos e condições) ||> Mais informações em: https://www.gira-bicicletasdelisboa.pt/passes-e-tarifarios/,"||> Utilizador Regular: Ref. MB, PayPal, Cartões de Crédito: VISA e MasterCard ||> Utilizador Ocasional: Paypal e Cartões de Crédito: VISA e MasterCard + Valor de Caução de 300?.",||> gira@emel.pt ||> (+351) 211 163 060 (Opção 2 (no IVR)),True,29-07-2021 00:00,27-07-2021 07:27,25-07-2025 07:00,1800073
231,231 - Largo Luís Alves Miguel / Rua Fernão Mendes Pinto,38.695342,-9.219675,||> 6h00 - 2h00,||> Anual: 25? ||> Mensal: 15? ||> Diário*: 2? *(Valor promocional conforme termos e condições) ||> Mais informações em: https://www.gira-bicicletasdelisboa.pt/passes-e-tarifarios/,"||> Utilizador Regular: Ref. MB, PayPal, Cartões de Crédito: VISA e MasterCard ||> Utilizador Ocasional: Paypal e Cartões de Crédito: VISA e MasterCard + Valor de Caução de 300?.",||> gira@emel.pt ||> (+351) 211 163 060 (Opção 2 (no IVR)),True,15-07-2024 00:00,05-06-2023 11:05,25-07-2025 07:00,
479,479 - Rua Professor Oliveira Marques,38.75491,-9.15724,||> 6h00 - 2h00,||> Anual: 25? ||> Mensal: 15? ||> Diário*: 2? *(Valor promocional conforme termos e condições) ||> Mais informações em: https://www.gira-bicicletasdelisboa.pt/passes-e-tarifarios/,"||> Utilizador Regular: Ref. MB, PayPal, Cartões de Crédito: VISA e MasterCard ||> Utilizador Ocasional: Paypal e Cartões de Crédito: VISA e MasterCard + Valor de Caução de 300?.",||> gira@emel.pt ||> (+351) 211 163 060 (Opção 2 (no IVR)),True,25-05-2021 00:00,10-08-2018 19:38,25-07-2025 07:00,1649028
315,315 - Rua Passos Manuel/ Jardim Constantino,38.731264,-9.136968,||> 6h00 - 2h00,||> Anual: 25? ||> Mensal: 15? ||> Diário*: 2? *(Valor promocional conforme termos e condições) ||> Mais informações em: https://www.gira-bicicletasdelisboa.pt/passes-e-tarifarios/,"||> Utilizador Regular: Ref. MB, PayPal, Cartões de Crédito: VISA e MasterCard ||> Utilizador Ocasional: Paypal e Cartões de Crédito: VISA e MasterCard + Valor de Caução de 300?.",||> gira@emel.pt ||> (+351) 211 163 060 (Opção 2 (no IVR)),True,31-01-2022 00:00,27-01-2022 09:52,25-07-2025 07:00,1000231
550,550 - Rua Fernando Curado Ribeiro / Alameda das Li,38.760871,-9.156487,||> 6h00 - 2h00,||> Anual: 25? ||> Mensal: 15? ||> Diário*: 2? *(Valor promocional conforme termos e condições) ||> Mais informações em: https://www.gira-bicicletasdelisboa.pt/passes-e-tarifarios/,"||> Utilizador Regular: Ref. MB, PayPal, Cartões de Crédito: VISA e MasterCard ||> Utilizador Ocasional: Paypal e Cartões de Crédito: VISA e MasterCard + Valor de Caução de 300?.",||> gira@emel.pt ||> (+351) 211 163 060 (Opção 2 (no IVR)),True,05-08-2021 00:00,30-07-2021 11:18,25-07-2025 07:00,1700098
484,484 - Rua Professor Vieira de Almeida,38.76081,-9.16658,||> 6h00 - 2h00,||> Anual: 25? ||> Mensal: 15? ||> Diário*: 2? *(Valor promocional conforme termos e condições) ||> Mais informações em: https://www.gira-bicicletasdelisboa.pt/passes-e-tarifarios/,"||> Utilizador Regular: Ref. MB, PayPal, Cartões de Crédito: VISA e MasterCard ||> Utilizador Ocasional: Paypal e Cartões de Crédito: VISA e MasterCard + Valor de Caução de 300?.",||> gira@emel.pt ||> (+351) 211 163 060 (Opção 2 (no IVR)),True,03-04-2018 00:00,15-03-2018 21:42,25-07-2025 07:00,1600309
242,242 - Avenida Torre de Belém / Avenida do Restelo,38.699318,-9.214206,||> 6h00 - 2h00,||> Anual: 25? ||> Mensal: 15? ||> Diário*: 2? *(Valor promocional conforme termos e condições) ||> Mais informações em: https://www.gira-bicicletasdelisboa.pt/passes-e-tarifarios/,"||> Utilizador Regular: Ref. MB, PayPal, Cartões de Crédito: VISA e MasterCard ||> Utilizador Ocasional: Paypal e Cartões de Crédito: VISA e MasterCard + Valor de Caução de 300?.",||> gira@emel.pt ||> (+351) 211 163 060 (Opção 2 (no IVR)),True,,14-07-2022 18:38,13-06-2023 07:59,
212,212 - Av. Infante Dom Henrique / Terminal de Cruzeiros,38.71035,-9.12769,||> 6h00 - 2h00,||> Anual: 25? ||> Mensal: 15? ||> Diário*: 2? *(Valor promocional conforme termos e condições) ||> Mais informações em: https://www.gira-bicicletasdelisboa.pt/passes-e-tarifarios/,"||> Utilizador Regular: Ref. MB, PayPal, Cartões de Crédito: VISA e MasterCard ||> Utilizador Ocasional: Paypal e Cartões de Crédito: VISA e MasterCard + Valor de Caução de 300?.",||> gira@emel.pt ||> (+351) 211 163 060 (Opção 2 (no IVR)),True,29-05-2018 00:00,06-05-2018 21:42,25-07-2025 07:00,1100651
222,222 - Praça da Figueira,38.71383,-9.13828,||> 6h00 - 2h00,||> Anual: 25? ||> Mensal: 15? ||> Diário*: 2? *(Valor promocional conforme termos e condições) ||> Mais informações em: https://www.gira-bicicletasdelisboa.pt/passes-e-tarifarios/,"||> Utilizador Regular: Ref. MB, PayPal, Cartões de Crédito: VISA e MasterCard ||> Utilizador Ocasional: Paypal e Cartões de Crédito: VISA e MasterCard + Valor de Caução de 300?.",||> gira@emel.pt ||> (+351) 211 163 060 (Opção 2 (no IVR)),True,19-09-2019 00:00,10-08-2018 19:19,25-07-2025 07:00,1110240
203,203 - Padrão dos Descobrimentos,38.6935,-9.20633,||> 6h00 - 2h00,||> Anual: 25? ||> Mensal: 15? ||> Diário*: 2? *(Valor promocional conforme termos e condições) ||> Mais informações em: https://www.gira-bicicletasdelisboa.pt/passes-e-tarifarios/,"||> Utilizador Regular: Ref. MB, PayPal, Cartões de Crédito: VISA e MasterCard ||> Utilizador Ocasional: Paypal e Cartões de Crédito: VISA e MasterCard + Valor de Caução de 300?.",||> gira@emel.pt ||> (+351) 211 163 060 (Opção 2 (no IVR)),True,13-07-2021 00:00,10-08-2018 19:27,25-07-2025 07:00,1449003
213,213 - Av. Infante Dom Henrique / Santa Apolónia,38.713416,-9.122548,||> 6h00 - 2h00,||> Anual: 25? ||> Mensal: 15? ||> Diário*: 2? *(Valor promocional conforme termos e condições) ||> Mais informações em: https://www.gira-bicicletasdelisboa.pt/passes-e-tarifarios/,"||> Utilizador Regular: Ref. MB, PayPal, Cartões de Crédito: VISA e MasterCard ||> Utilizador Ocasional: Paypal e Cartões de Crédito: VISA e MasterCard + Valor de Caução de 300?.",||> gira@emel.pt ||> (+351) 211 163 060 (Opção 2 (no IVR)),True,17-10-2022 00:00,10-08-2018 19:34,17-07-2025 07:00,
,448 - Praça Marechal Humberto Delgado,38.741954,-9.168795,,,,,,,26-03-2025 12:19,25-07-2025 07:00,
,450 - Rua Alfredo Cortês,38.74626,-9.14399,,,,,,,26-10-2017 15:27,07-06-2024 07:00,1700223
312,312 - Rua Álvaro Coutinho / Avenida Almirante Reis,38.724869,-9.134802,||> 6h00 - 2h00,||> Anual: 25? ||> Mensal: 15? ||> Diário*: 2? *(Valor promocional conforme termos e condições) ||> Mais informações em: https://www.gira-bicicletasdelisboa.pt/passes-e-tarifarios/,"||> Utilizador Regular: Ref. MB, PayPal, Cartões de Crédito: VISA e MasterCard ||> Utilizador Ocasional: Paypal e Cartões de Crédito: VISA e MasterCard + Valor de Caução de 300?.",||> gira@emel.pt ||> (+351) 211 163 060 (Opção 2 (no IVR)),True,14-04-2022 00:00,16-03-2022 08:52,25-07-2025 07:00,1150019
432,432 - Praça de Londres,38.7407,-9.1377,||> 6h00 - 2h00,||> Anual: 25? ||> Mensal: 15? ||> Diário*: 2? *(Valor promocional conforme termos e condições) ||> Mais informações em: https://www.gira-bicicletasdelisboa.pt/passes-e-tarifarios/,"||> Utilizador Regular: Ref. MB, PayPal, Cartões de Crédito: VISA e MasterCard ||> Utilizador Ocasional: Paypal e Cartões de Crédito: VISA e MasterCard + Valor de Caução de 300?.",||> gira@emel.pt ||> (+351) 211 163 060 (Opção 2 (no IVR)),True,06-06-2018 00:00,08-05-2018 11:40,25-07-2025 07:00,1000192
462,462 - Campo Grande / Biblioteca Nacional,38.75027,-9.15031,||> 6h00 - 2h00,||> Anual: 25? ||> Mensal: 15? ||> Diário*: 2? *(Valor promocional conforme termos e condições) ||> Mais informações em: https://www.gira-bicicletasdelisboa.pt/passes-e-tarifarios/,"||> Utilizador Regular: Ref. MB, PayPal, Cartões de Crédito: VISA e MasterCard ||> Utilizador Ocasional: Paypal e Cartões de Crédito: VISA e MasterCard + Valor de Caução de 300?.",||> gira@emel.pt ||> (+351) 211 163 060 (Opção 2 (no IVR)),True,06-06-2018 00:00,10-05-2018 09:55,25-07-2025 07:00,1700180
490,490 - Rua Fernando Namora / Azinhaga da Torre do Fato,38.76026,-9.17849,||> 6h00 - 2h00,||> Anual: 25? ||> Mensal: 15? ||> Diário*: 2? *(Valor promocional conforme termos e condições) ||> Mais informações em: https://www.gira-bicicletasdelisboa.pt/passes-e-tarifarios/,"||> Utilizador Regular: Ref. MB, PayPal, Cartões de Crédito: VISA e MasterCard ||> Utilizador Ocasional: Paypal e Cartões de Crédito: VISA e MasterCard + Valor de Caução de 300?.",||> gira@emel.pt ||> (+351) 211 163 060 (Opção 2 (no IVR)),True,06-06-2018 00:00,10-05-2018 09:22,25-07-2025 07:00,1600451
216,216 - Praça D. Luís I,38.70663,-9.14655,||> 6h00 - 2h00,||> Anual: 25? ||> Mensal: 15? ||> Diário*: 2? *(Valor promocional conforme termos e condições) ||> Mais informações em: https://www.gira-bicicletasdelisboa.pt/passes-e-tarifarios/,"||> Utilizador Regular: Ref. MB, PayPal, Cartões de Crédito: VISA e MasterCard ||> Utilizador Ocasional: Paypal e Cartões de Crédito: VISA e MasterCard + Valor de Caução de 300?.",||> gira@emel.pt ||> (+351) 211 163 060 (Opção 2 (no IVR)),True,29-05-2018 00:00,10-05-2018 09:55,25-07-2025 07:00,1200479
226,226 - Rua dos Fanqueiros,38.7118878,-9.1364557,||> 6h00 - 2h00,||> Anual: 25? ||> Mensal: 15? ||> Diário*: 2? *(Valor promocional conforme termos e condições) ||> Mais informações em: https://www.gira-bicicletasdelisboa.pt/passes-e-tarifarios/,"||> Utilizador Regular: Ref. MB, PayPal, Cartões de Crédito: VISA e MasterCard ||> Utilizador Ocasional: Paypal e Cartões de Crédito: VISA e MasterCard + Valor de Caução de 300?.",||> gira@emel.pt ||> (+351) 211 163 060 (Opção 2 (no IVR)),True,31-01-2022 00:00,21-01-2022 13:33,25-07-2025 07:00,1401760
130,130 - Avenida Berlim / Rua Américo Jesus Fernandes,38.767761,-9.106858,||> 6h00 - 2h00,||> Anual: 25? ||> Mensal: 15? ||> Diário*: 2? *(Valor promocional conforme termos e condições) ||> Mais informações em: https://www.gira-bicicletasdelisboa.pt/passes-e-tarifarios/,"||> Utilizador Regular: Ref. MB, PayPal, Cartões de Crédito: VISA e MasterCard ||> Utilizador Ocasional: Paypal e Cartões de Crédito: VISA e MasterCard + Valor de Caução de 300?.",||> gira@emel.pt ||> (+351) 211 163 060 (Opção 2 (no IVR)),True,25-02-2022 00:00,24-02-2022 07:48,25-07-2025 07:00,1800023
307,307 - Marquês de Pombal,38.724954,-9.149334,||> 6h00 - 2h00,||> Anual: 25? ||> Mensal: 15? ||> Diário*: 2? *(Valor promocional conforme termos e condições) ||> Mais informações em: https://www.gira-bicicletasdelisboa.pt/passes-e-tarifarios/,"||> Utilizador Regular: Ref. MB, PayPal, Cartões de Crédito: VISA e MasterCard ||> Utilizador Ocasional: Paypal e Cartões de Crédito: VISA e MasterCard + Valor de Caução de 300?.",||> gira@emel.pt ||> (+351) 211 163 060 (Opção 2 (no IVR)),True,27-03-2018 00:00,22-03-2018 08:39,25-07-2025 07:00,1250162
113,113 - Alameda dos Oceanos/ Passeio do Levante,38.78414,-9.09825,||> 6h00 - 2h00,||> Anual: 25? ||> Mensal: 15? ||> Diário*: 2? *(Valor promocional conforme termos e condições) ||> Mais informações em: https://www.gira-bicicletasdelisboa.pt/passes-e-tarifarios/,"||> Utilizador Regular: Ref. MB, PayPal, Cartões de Crédito: VISA e MasterCard ||> Utilizador Ocasional: Paypal e Cartões de Crédito: VISA e MasterCard + Valor de Caução de 300?.",||> gira@emel.pt ||> (+351) 211 163 060 (Opção 2 (no IVR)),True,07-10-2020 00:00,10-08-2018 18:37,25-07-2025 07:00,1990392
108,108 - Rua do Bojador,38.774289,-9.09235,||> 6h00 - 2h00,||> Anual: 25? ||> Mensal: 15? ||> Diário*: 2? *(Valor promocional conforme termos e condições) ||> Mais informações em: https://www.gira-bicicletasdelisboa.pt/passes-e-tarifarios/,"||> Utilizador Regular: Ref. MB, PayPal, Cartões de Crédito: VISA e MasterCard ||> Utilizador Ocasional: Paypal e Cartões de Crédito: VISA e MasterCard + Valor de Caução de 300?.",||> gira@emel.pt ||> (+351) 211 163 060 (Opção 2 (no IVR)),True,21-06-2017 00:00,02-05-2017 23:28,25-07-2025 07:00,1990048
214,214 - Largo de Santos,38.70673,-9.15424,||> 6h00 - 2h00,||> Anual: 25? ||> Mensal: 15? ||> Diário*: 2? *(Valor promocional conforme termos e condições) ||> Mais informações em: https://www.gira-bicicletasdelisboa.pt/passes-e-tarifarios/,"||> Utilizador Regular: Ref. MB, PayPal, Cartões de Crédito: VISA e MasterCard ||> Utilizador Ocasional: Paypal e Cartões de Crédito: VISA e MasterCard + Valor de Caução de 300?.",||> gira@emel.pt ||> (+351) 211 163 060 (Opção 2 (no IVR)),True,29-05-2018 00:00,16-05-2018 09:07,25-07-2025 07:00,1280870
554,554 - Alameda das Linhas de Torres / Rua Ladislau,38.768683,-9.158298,||> 6h00 - 2h00,||> Anual: 25? ||> Mensal: 15? ||> Diário*: 2? *(Valor promocional conforme termos e condições) ||> Mais informações em: https://www.gira-bicicletasdelisboa.pt/passes-e-tarifarios/,"||> Utilizador Regular: Ref. MB, PayPal, Cartões de Crédito: VISA e MasterCard ||> Utilizador Ocasional: Paypal e Cartões de Crédito: VISA e MasterCard + Valor de Caução de 300?.",||> gira@emel.pt ||> (+351) 211 163 060 (Opção 2 (no IVR)),True,05-08-2021 00:00,30-07-2021 12:32,25-07-2025 07:00,1750142
553,553 - Rua Luis Pastor de Macedo / Rua Tobis Portuguesa,38.7671144,-9.1553503,||> 6h00 - 2h00,||> Anual: 25? ||> Mensal: 15? ||> Diário*: 2? *(Valor promocional conforme termos e condições) ||> Mais informações em: https://www.gira-bicicletasdelisboa.pt/passes-e-tarifarios/,"||> Utilizador Regular: Ref. MB, PayPal, Cartões de Crédito: VISA e MasterCard ||> Utilizador Ocasional: Paypal e Cartões de Crédito: VISA e MasterCard + Valor de Caução de 300?.",||> gira@emel.pt ||> (+351) 211 163 060 (Opção 2 (no IVR)),True,14-04-2022 00:00,22-03-2022 08:59,25-07-2025 07:00,1750160
416,416 - Av. República / Avenida Duque de Ávila,38.735304,-9.14553,||> 6h00 - 2h00,||> Anual: 25? ||> Mensal: 15? ||> Diário*: 2? *(Valor promocional conforme termos e condições) ||> Mais informações em: https://www.gira-bicicletasdelisboa.pt/passes-e-tarifarios/,"||> Utilizador Regular: Ref. MB, PayPal, Cartões de Crédito: VISA e MasterCard ||> Utilizador Ocasional: Paypal e Cartões de Crédito: VISA e MasterCard + Valor de Caução de 300?.",||> gira@emel.pt ||> (+351) 211 163 060 (Opção 2 (no IVR)),True,06-12-2017 00:00,26-10-2017 15:27,25-07-2025 07:00,1050185
301,301 - Avenida da Liberdade / Restauradores,38.71702,-9.14242,||> 6h00 - 2h00,||> Anual: 25? ||> Mensal: 15? ||> Diário*: 2? *(Valor promocional conforme termos e condições) ||> Mais informações em: https://www.gira-bicicletasdelisboa.pt/passes-e-tarifarios/,"||> Utilizador Regular: Ref. MB, PayPal, Cartões de Crédito: VISA e MasterCard ||> Utilizador Ocasional: Paypal e Cartões de Crédito: VISA e MasterCard + Valor de Caução de 300?.",||> gira@emel.pt ||> (+351) 211 163 060 (Opção 2 (no IVR)),True,30-06-2019 00:00,10-08-2018 18:39,25-07-2025 07:00,1250145
428,428 - Av. República / Avenida Barbosa Du Bocage,38.74047,-9.14684,||> 6h00 - 2h00,||> Anual: 25? ||> Mensal: 15? ||> Diário*: 2? *(Valor promocional conforme termos e condições) ||> Mais informações em: https://www.gira-bicicletasdelisboa.pt/passes-e-tarifarios/,"||> Utilizador Regular: Ref. MB, PayPal, Cartões de Crédito: VISA e MasterCard ||> Utilizador Ocasional: Paypal e Cartões de Crédito: VISA e MasterCard + Valor de Caução de 300?.",||> gira@emel.pt ||> (+351) 211 163 060 (Opção 2 (no IVR)),True,06-12-2017 00:00,26-10-2017 15:27,25-07-2025 07:00,1069033
215,215 - Av. 24 de Julho,38.70662,-9.14949,||> 6h00 - 2h00,||> Anual: 25? ||> Mensal: 15? ||> Diário*: 2? *(Valor promocional conforme termos e condições) ||> Mais informações em: https://www.gira-bicicletasdelisboa.pt/passes-e-tarifarios/,"||> Utilizador Regular: Ref. MB, PayPal, Cartões de Crédito: VISA e MasterCard ||> Utilizador Ocasional: Paypal e Cartões de Crédito: VISA e MasterCard + Valor de Caução de 300?.",||> gira@emel.pt ||> (+351) 211 163 060 (Opção 2 (no IVR)),True,19-09-2019 00:00,10-08-2018 19:18,25-07-2025 07:00,1350352
223,223 - Praça do Rossio,38.713112,-9.138952,||> 6h00 - 2h00,||> Anual: 25? ||> Mensal: 15? ||> Diário*: 2? *(Valor promocional conforme termos e condições) ||> Mais informações em: https://www.gira-bicicletasdelisboa.pt/passes-e-tarifarios/,"||> Utilizador Regular: Ref. MB, PayPal, Cartões de Crédito: VISA e MasterCard ||> Utilizador Ocasional: Paypal e Cartões de Crédito: VISA e MasterCard + Valor de Caução de 300?.",||> gira@emel.pt ||> (+351) 211 163 060 (Opção 2 (no IVR)),True,31-01-2022 00:00,20-01-2022 13:45,25-07-2025 07:00,1100090
361,361 - Amoreiras Shopping Center,38.72392,-9.160992,||> 6h00 - 2h00,||> Anual: 25? ||> Mensal: 15? ||> Diário*: 2? *(Valor promocional conforme termos e condições) ||> Mais informações em: https://www.gira-bicicletasdelisboa.pt/passes-e-tarifarios/,"||> Utilizador Regular: Ref. MB, PayPal, Cartões de Crédito: VISA e MasterCard ||> Utilizador Ocasional: Paypal e Cartões de Crédito: VISA e MasterCard + Valor de Caução de 300?.",||> gira@emel.pt ||> (+351) 211 163 060 (Opção 2 (no IVR)),True,04-05-2022 00:00,22-03-2022 11:34,25-07-2025 07:00,1070101
483,"483 - Rua Professor Francisco Lucas Pires ",38.75939,-9.16405,||> 6h00 - 2h00,||> Anual: 25? ||> Mensal: 15? ||> Diário*: 2? *(Valor promocional conforme termos e condições) ||> Mais informações em: https://www.gira-bicicletasdelisboa.pt/passes-e-tarifarios/,"||> Utilizador Regular: Ref. MB, PayPal, Cartões de Crédito: VISA e MasterCard ||> Utilizador Ocasional: Paypal e Cartões de Crédito: VISA e MasterCard + Valor de Caução de 300?.",||> gira@emel.pt ||> (+351) 211 163 060 (Opção 2 (no IVR)),True,06-06-2018 00:00,16-05-2018 09:07,25-07-2025 07:00,1601801
456,456 - Entrecampos / Av. das Forças Armadas,38.74877,-9.14872,||> 6h00 - 2h00,||> Anual: 25? ||> Mensal: 15? ||> Diário*: 2? *(Valor promocional conforme termos e condições) ||> Mais informações em: https://www.gira-bicicletasdelisboa.pt/passes-e-tarifarios/,"||> Utilizador Regular: Ref. MB, PayPal, Cartões de Crédito: VISA e MasterCard ||> Utilizador Ocasional: Paypal e Cartões de Crédito: VISA e MasterCard + Valor de Caução de 300?.",||> gira@emel.pt ||> (+351) 211 163 060 (Opção 2 (no IVR)),True,19-09-2019 00:00,10-08-2018 19:16,25-07-2025 07:00,1700180
,455 - Avenida Álvaro Pais / Rua Sousa Lopes,38.74574,-9.155302,,,,,,,20-02-2025 04:39,25-07-2025 07:00,
218,218 - Cais do Sodré,38.70617,-9.14471,||> 6h00 - 2h00,||> Anual: 25? ||> Mensal: 15? ||> Diário*: 2? *(Valor promocional conforme termos e condições) ||> Mais informações em: https://www.gira-bicicletasdelisboa.pt/passes-e-tarifarios/,"||> Utilizador Regular: Ref. MB, PayPal, Cartões de Crédito: VISA e MasterCard ||> Utilizador Ocasional: Paypal e Cartões de Crédito: VISA e MasterCard + Valor de Caução de 300?.",||> gira@emel.pt ||> (+351) 211 163 060 (Opção 2 (no IVR)),True,29-05-2018 00:00,10-05-2018 09:55,25-07-2025 07:00,1200161
,515 - Largo da Luz,38.760986,-9.18327,,,,,,,15-01-2025 07:35,23-07-2025 07:00,
208,208 - Cais das Pombas,38.70523,-9.14373,||> 6h00 - 2h00,||> Anual: 25? ||> Mensal: 15? ||> Diário*: 2? *(Valor promocional conforme termos e condições) ||> Mais informações em: https://www.gira-bicicletasdelisboa.pt/passes-e-tarifarios/,"||> Utilizador Regular: Ref. MB, PayPal, Cartões de Crédito: VISA e MasterCard ||> Utilizador Ocasional: Paypal e Cartões de Crédito: VISA e MasterCard + Valor de Caução de 300?.",||> gira@emel.pt ||> (+351) 211 163 060 (Opção 2 (no IVR)),True,29-05-2018 00:00,18-05-2018 09:06,25-07-2025 07:00,1249289
102,102 - Porta do Mar,38.759156,-9.096439,||> 6h00 - 2h00,||> Anual: 25? ||> Mensal: 15? ||> Diário*: 2? *(Valor promocional conforme termos e condições) ||> Mais informações em: https://www.gira-bicicletasdelisboa.pt/passes-e-tarifarios/,"||> Utilizador Regular: Ref. MB, PayPal, Cartões de Crédito: VISA e MasterCard ||> Utilizador Ocasional: Paypal e Cartões de Crédito: VISA e MasterCard + Valor de Caução de 300?.",||> gira@emel.pt ||> (+351) 211 163 060 (Opção 2 (no IVR)),True,21-06-2017 00:00,02-05-2017 23:28,25-07-2025 07:00,1990102
151,151 - Rua Contra Almirante Ferraz / Escola Sec.António Damásio,38.770434,-9.108728,||> 6h00 - 2h00,||> Anual: 25? ||> Mensal: 15? ||> Diário*: 2? *(Valor promocional conforme termos e condições) ||> Mais informações em: https://www.gira-bicicletasdelisboa.pt/passes-e-tarifarios/,"||> Utilizador Regular: Ref. MB, PayPal, Cartões de Crédito: VISA e MasterCard ||> Utilizador Ocasional: Paypal e Cartões de Crédito: VISA e MasterCard + Valor de Caução de 300?.",||> gira@emel.pt ||> (+351) 211 163 060 (Opção 2 (no IVR)),True,25-02-2022 00:00,21-02-2022 11:20,25-07-2025 07:00,1800181
225,225 - Martim Moniz,38.71526,-9.13694,||> 6h00 - 2h00,||> Anual: 25? ||> Mensal: 15? ||> Diário*: 2? *(Valor promocional conforme termos e condições) ||> Mais informações em: https://www.gira-bicicletasdelisboa.pt/passes-e-tarifarios/,"||> Utilizador Regular: Ref. MB, PayPal, Cartões de Crédito: VISA e MasterCard ||> Utilizador Ocasional: Paypal e Cartões de Crédito: VISA e MasterCard + Valor de Caução de 300?.",||> gira@emel.pt ||> (+351) 211 163 060 (Opção 2 (no IVR)),True,29-05-2018 00:00,03-05-2018 09:39,25-07-2025 07:00,1100393
471,471 - Rua Lopes de Mendonça / EB São João de Brito,38.756487,-9.137337,||> 6h00 - 2h00,||> Anual: 25? ||> Mensal: 15? ||> Diário*: 2? *(Valor promocional conforme termos e condições) ||> Mais informações em: https://www.gira-bicicletasdelisboa.pt/passes-e-tarifarios/,"||> Utilizador Regular: Ref. MB, PayPal, Cartões de Crédito: VISA e MasterCard ||> Utilizador Ocasional: Paypal e Cartões de Crédito: VISA e MasterCard + Valor de Caução de 300?.",||> gira@emel.pt ||> (+351) 211 163 060 (Opção 2 (no IVR)),True,18-11-2017 00:00,30-10-2017 10:20,25-07-2025 07:00,1700112
224,224 - Martim Moniz,38.71498,-9.13651,||> 6h00 - 2h00,||> Anual: 25? ||> Mensal: 15? ||> Diário*: 2? *(Valor promocional conforme termos e condições) ||> Mais informações em: https://www.gira-bicicletasdelisboa.pt/passes-e-tarifarios/,"||> Utilizador Regular: Ref. MB, PayPal, Cartões de Crédito: VISA e MasterCard ||> Utilizador Ocasional: Paypal e Cartões de Crédito: VISA e MasterCard + Valor de Caução de 300?.",||> gira@emel.pt ||> (+351) 211 163 060 (Opção 2 (no IVR)),True,29-05-2018 00:00,03-05-2018 09:39,25-07-2025 07:00,1100341
410,410 - Rua da Mesquita / Universidade Nova de Lisboa,38.73492,-9.16015,||> 6h00 - 2h00,||> Anual: 25? ||> Mensal: 15? ||> Diário*: 2? *(Valor promocional conforme termos e condições) ||> Mais informações em: https://www.gira-bicicletasdelisboa.pt/passes-e-tarifarios/,"||> Utilizador Regular: Ref. MB, PayPal, Cartões de Crédito: VISA e MasterCard ||> Utilizador Ocasional: Paypal e Cartões de Crédito: VISA e MasterCard + Valor de Caução de 300?.",||> gira@emel.pt ||> (+351) 211 163 060 (Opção 2 (no IVR)),True,19-09-2019 00:00,10-08-2018 16:56,25-07-2025 07:00,1099085
135,135 - Avenida Cidade de Lourenço Marques / Vale do,38.764067,-9.118689,||> 6h00 - 2h00,||> Anual: 25? ||> Mensal: 15? ||> Diário*: 2? *(Valor promocional conforme termos e condições) ||> Mais informações em: https://www.gira-bicicletasdelisboa.pt/passes-e-tarifarios/,"||> Utilizador Regular: Ref. MB, PayPal, Cartões de Crédito: VISA e MasterCard ||> Utilizador Ocasional: Paypal e Cartões de Crédito: VISA e MasterCard + Valor de Caução de 300?.",||> gira@emel.pt ||> (+351) 211 163 060 (Opção 2 (no IVR)),True,05-08-2021 00:00,05-08-2021 13:37,25-07-2025 07:00,1800125
461,461 - Rua Professora Teresa Ambrósio,38.749141,-9.155564,||> 6h00 - 2h00,||> Anual: 25? ||> Mensal: 15? ||> Diário*: 2? *(Valor promocional conforme termos e condições) ||> Mais informações em: https://www.gira-bicicletasdelisboa.pt/passes-e-tarifarios/,"||> Utilizador Regular: Ref. MB, PayPal, Cartões de Crédito: VISA e MasterCard ||> Utilizador Ocasional: Paypal e Cartões de Crédito: VISA e MasterCard + Valor de Caução de 300?.",||> gira@emel.pt ||> (+351) 211 163 060 (Opção 2 (no IVR)),True,25-05-2021 00:00,10-08-2018 19:43,25-07-2025 07:00,1600063
232,232 - Avenida da Índia / Centro de Arqueologia de Lisboa,38.694155,-9.212149,||> 6h00 - 2h00,||> Anual: 25? ||> Mensal: 15? ||> Diário*: 2? *(Valor promocional conforme termos e condições) ||> Mais informações em: https://www.gira-bicicletasdelisboa.pt/passes-e-tarifarios/,"||> Utilizador Regular: Ref. MB, PayPal, Cartões de Crédito: VISA e MasterCard ||> Utilizador Ocasional: Paypal e Cartões de Crédito: VISA e MasterCard + Valor de Caução de 300?.",||> gira@emel.pt ||> (+351) 211 163 060 (Opção 2 (no IVR)),True,15-07-2024 00:00,22-03-2022 11:34,25-07-2025 07:00,
114,114 - Via do Oriente,38.78836,-9.09974,||> 6h00 - 2h00,||> Anual: 25? ||> Mensal: 15? ||> Diário*: 2? *(Valor promocional conforme termos e condições) ||> Mais informações em: https://www.gira-bicicletasdelisboa.pt/passes-e-tarifarios/,"||> Utilizador Regular: Ref. MB, PayPal, Cartões de Crédito: VISA e MasterCard ||> Utilizador Ocasional: Paypal e Cartões de Crédito: VISA e MasterCard + Valor de Caução de 300?.",||> gira@emel.pt ||> (+351) 211 163 060 (Opção 2 (no IVR)),True,06-06-2018 00:00,03-05-2018 09:39,25-07-2025 07:00,1990392
,136 - Rua Cidade de Bissau / Praça Cidade Salazar,38.763585,-9.117117,,,,,,,13-12-2024 07:24,25-07-2025 07:00,
,441 - Rua Soeiro Pereira Gomes,38.74516,-9.160048,,,,,,,15-01-2025 07:35,25-07-2025 07:00,
403,403 - Av. Fontes Pereira de Melo,38.731698,-9.146522,||> 6h00 - 2h00,||> Anual: 25? ||> Mensal: 15? ||> Diário*: 2? *(Valor promocional conforme termos e condições) ||> Mais informações em: https://www.gira-bicicletasdelisboa.pt/passes-e-tarifarios/,"||> Utilizador Regular: Ref. MB, PayPal, Cartões de Crédito: VISA e MasterCard ||> Utilizador Ocasional: Paypal e Cartões de Crédito: VISA e MasterCard + Valor de Caução de 300?.",||> gira@emel.pt ||> (+351) 211 163 060 (Opção 2 (no IVR)),True,13-12-2017 00:00,26-10-2017 15:27,25-07-2025 07:00,1050191
,466 - Rua Azevedo Neves (Universidade Católica Portuguesa),38.748018,-9.165081,,,,,,,15-01-2025 07:35,25-07-2025 07:00,
551,551 - Rua Francisco Stromp / Alameda das Linhas de,38.762584,-9.157235,||> 6h00 - 2h00,||> Anual: 25? ||> Mensal: 15? ||> Diário*: 2? *(Valor promocional conforme termos e condições) ||> Mais informações em: https://www.gira-bicicletasdelisboa.pt/passes-e-tarifarios/,"||> Utilizador Regular: Ref. MB, PayPal, Cartões de Crédito: VISA e MasterCard ||> Utilizador Ocasional: Paypal e Cartões de Crédito: VISA e MasterCard + Valor de Caução de 300?.",||> gira@emel.pt ||> (+351) 211 163 060 (Opção 2 (no IVR)),True,05-08-2021 00:00,30-07-2021 12:31,25-07-2025 07:00,1750142
137,137 - Rua Cidade de Bissau (entrada SPACIO),38.762829,-9.114505,||> 6h00 - 2h00,||> Anual: 25? ||> Mensal: 15? ||> Diário*: 2? *(Valor promocional conforme termos e condições) ||> Mais informações em: https://www.gira-bicicletasdelisboa.pt/passes-e-tarifarios/,"||> Utilizador Regular: Ref. MB, PayPal, Cartões de Crédito: VISA e MasterCard ||> Utilizador Ocasional: Paypal e Cartões de Crédito: VISA e MasterCard + Valor de Caução de 300?.",||> gira@emel.pt ||> (+351) 211 163 060 (Opção 2 (no IVR)),True,10-02-2022 00:00,27-01-2022 09:52,25-07-2025 07:00,1800075
,505 - Rua Sousa Loureiro / Rua Conde de Almoster,38.7450113,-9.1843584,,,,,,,04-12-2024 07:40,25-07-2025 07:00,
205,205 - Av. Brasília / Cordoaria,38.697,-9.188,||> 6h00 - 2h00,||> Anual: 25? ||> Mensal: 15? ||> Diário*: 2? *(Valor promocional conforme termos e condições) ||> Mais informações em: https://www.gira-bicicletasdelisboa.pt/passes-e-tarifarios/,"||> Utilizador Regular: Ref. MB, PayPal, Cartões de Crédito: VISA e MasterCard ||> Utilizador Ocasional: Paypal e Cartões de Crédito: VISA e MasterCard + Valor de Caução de 300?.",||> gira@emel.pt ||> (+351) 211 163 060 (Opção 2 (no IVR)),True,13-07-2021 00:00,10-08-2018 19:21,25-07-2025 07:00,1300340
460,460 - Av. Rio de Janeiro / Parque de Jogos 1º de Maio,38.75176,-9.13749,||> 6h00 - 2h00,||> Anual: 25? ||> Mensal: 15? ||> Diário*: 2? *(Valor promocional conforme termos e condições) ||> Mais informações em: https://www.gira-bicicletasdelisboa.pt/passes-e-tarifarios/,"||> Utilizador Regular: Ref. MB, PayPal, Cartões de Crédito: VISA e MasterCard ||> Utilizador Ocasional: Paypal e Cartões de Crédito: VISA e MasterCard + Valor de Caução de 300?.",||> gira@emel.pt ||> (+351) 211 163 060 (Opção 2 (no IVR)),True,13-12-2017 00:00,26-10-2017 15:27,25-07-2025 07:00,1700330
430,430 - Av. Barbosa Du Bocage / Rua Arco do Cego,38.74081,-9.14329,||> 6h00 - 2h00,||> Anual: 25? ||> Mensal: 15? ||> Diário*: 2? *(Valor promocional conforme termos e condições) ||> Mais informações em: https://www.gira-bicicletasdelisboa.pt/passes-e-tarifarios/,"||> Utilizador Regular: Ref. MB, PayPal, Cartões de Crédito: VISA e MasterCard ||> Utilizador Ocasional: Paypal e Cartões de Crédito: VISA e MasterCard + Valor de Caução de 300?.",||> gira@emel.pt ||> (+351) 211 163 060 (Opção 2 (no IVR)),True,18-11-2017 00:00,24-10-2017 12:36,25-07-2025 07:00,1000120
452,452 - Rua Teixeira de Pascoais / Rua Dr. Gama Barros,38.747751,-9.136681,||> 6h00 - 2h00,||> Anual: 25? ||> Mensal: 15? ||> Diário*: 2? *(Valor promocional conforme termos e condições) ||> Mais informações em: https://www.gira-bicicletasdelisboa.pt/passes-e-tarifarios/,"||> Utilizador Regular: Ref. MB, PayPal, Cartões de Crédito: VISA e MasterCard ||> Utilizador Ocasional: Paypal e Cartões de Crédito: VISA e MasterCard + Valor de Caução de 300?.",||> gira@emel.pt ||> (+351) 211 163 060 (Opção 2 (no IVR)),True,18-11-2017 00:00,09-10-2017 10:34,25-07-2025 07:00,1000009
426,426 - Av. Elias Garcia / Av. 5 de Outubro,38.739046,-9.14793,||> 6h00 - 2h00,||> Anual: 25? ||> Mensal: 15? ||> Diário*: 2? *(Valor promocional conforme termos e condições) ||> Mais informações em: https://www.gira-bicicletasdelisboa.pt/passes-e-tarifarios/,"||> Utilizador Regular: Ref. MB, PayPal, Cartões de Crédito: VISA e MasterCard ||> Utilizador Ocasional: Paypal e Cartões de Crédito: VISA e MasterCard + Valor de Caução de 300?.",||> gira@emel.pt ||> (+351) 211 163 060 (Opção 2 (no IVR)),True,18-11-2017 00:00,26-10-2017 15:27,25-07-2025 07:00,1050100
415,415 - Av. Duque de Ávila / Av. Conde Valbom,38.735188,-9.148443,||> 6h00 - 2h00,||> Anual: 25? ||> Mensal: 15? ||> Diário*: 2? *(Valor promocional conforme termos e condições) ||> Mais informações em: https://www.gira-bicicletasdelisboa.pt/passes-e-tarifarios/,"||> Utilizador Regular: Ref. MB, PayPal, Cartões de Crédito: VISA e MasterCard ||> Utilizador Ocasional: Paypal e Cartões de Crédito: VISA e MasterCard + Valor de Caução de 300?.",||> gira@emel.pt ||> (+351) 211 163 060 (Opção 2 (no IVR)),True,06-12-2017 00:00,26-10-2017 15:27,25-07-2025 07:00,1000141
261,"261 - Calçada da Estrela / Assembleia da República ",38.7114685,-9.1538708,||> 6h00 - 2h00,||> Anual: 25? ||> Mensal: 15? ||> Diário*: 2? *(Valor promocional conforme termos e condições) ||> Mais informações em: https://www.gira-bicicletasdelisboa.pt/passes-e-tarifarios/,"||> Utilizador Regular: Ref. MB, PayPal, Cartões de Crédito: VISA e MasterCard ||> Utilizador Ocasional: Paypal e Cartões de Crédito: VISA e MasterCard + Valor de Caução de 300?.",||> gira@emel.pt ||> (+351) 211 163 060 (Opção 2 (no IVR)),True,03-10-2024 00:00,12-07-2024 10:30,25-07-2025 07:00,
503,503 - Rua Conde de Almoster / Rua Carlos Pereira,38.74266,-9.178764,||> 6h00 - 2h00,||> Anual: 25? ||> Mensal: 15? ||> Diário*: 2? *(Valor promocional conforme termos e condições) ||> Mais informações em: https://www.gira-bicicletasdelisboa.pt/passes-e-tarifarios/,"||> Utilizador Regular: Ref. MB, PayPal, Cartões de Crédito: VISA e MasterCard ||> Utilizador Ocasional: Paypal e Cartões de Crédito: VISA e MasterCard + Valor de Caução de 300?.",||> gira@emel.pt ||> (+351) 211 163 060 (Opção 2 (no IVR)),True,28-07-2023 00:00,11-06-2023 05:03,25-07-2025 07:00,
280,280 - HUB Criativo do Beato Poente,38.729739,-9.106709,||> 6h00 - 2h00,||> Anual: 25? ||> Mensal: 15? ||> Diário*: 2? *(Valor promocional conforme termos e condições) ||> Mais informações em: https://www.gira-bicicletasdelisboa.pt/passes-e-tarifarios/,"||> Utilizador Regular: Ref. MB, PayPal, Cartões de Crédito: VISA e MasterCard ||> Utilizador Ocasional: Paypal e Cartões de Crédito: VISA e MasterCard + Valor de Caução de 300?.",||> gira@emel.pt ||> (+351) 211 163 060 (Opção 2 (no IVR)),True,28-07-2023 00:00,11-06-2023 05:03,25-07-2025 07:00,
472,472 - Rua Marquês Soveral / ES Padre António Vieira,38.75784,-9.13608,||> 6h00 - 2h00,||> Anual: 25? ||> Mensal: 15? ||> Diário*: 2? *(Valor promocional conforme termos e condições) ||> Mais informações em: https://www.gira-bicicletasdelisboa.pt/passes-e-tarifarios/,"||> Utilizador Regular: Ref. MB, PayPal, Cartões de Crédito: VISA e MasterCard ||> Utilizador Ocasional: Paypal e Cartões de Crédito: VISA e MasterCard + Valor de Caução de 300?.",||> gira@emel.pt ||> (+351) 211 163 060 (Opção 2 (no IVR)),True,13-12-2017 00:00,26-10-2017 15:27,25-07-2025 07:00,1749063
289,289 - Parque Ribeirinho Oriente,38.744521,-9.097661,||> 6h00 - 2h00,||> Anual: 25? ||> Mensal: 15? ||> Diário*: 2? *(Valor promocional conforme termos e condições) ||> Mais informações em: https://www.gira-bicicletasdelisboa.pt/passes-e-tarifarios/,"||> Utilizador Regular: Ref. MB, PayPal, Cartões de Crédito: VISA e MasterCard ||> Utilizador Ocasional: Paypal e Cartões de Crédito: VISA e MasterCard + Valor de Caução de 300?.",||> gira@emel.pt ||> (+351) 211 163 060 (Opção 2 (no IVR)),True,17-10-2024 00:00,02-10-2024 09:04,25-07-2025 07:00,
,440 - Rua Soeiro Pereira Gomes,38.742574,-9.158365,,,,,,,27-11-2024 12:45,25-07-2025 07:00,
230,230 - Praça D. Manuel I,38.697979,-9.226569,||> 6h00 - 2h00,||> Anual: 25? ||> Mensal: 15? ||> Diário*: 2? *(Valor promocional conforme termos e condições) ||> Mais informações em: https://www.gira-bicicletasdelisboa.pt/passes-e-tarifarios/,"||> Utilizador Regular: Ref. MB, PayPal, Cartões de Crédito: VISA e MasterCard ||> Utilizador Ocasional: Paypal e Cartões de Crédito: VISA e MasterCard + Valor de Caução de 300?.",||> gira@emel.pt ||> (+351) 211 163 060 (Opção 2 (no IVR)),True,,14-07-2022 18:38,25-07-2025 07:00,
434,434 - Praça de Londres / Av. de Roma,38.741407,-9.13745,,,,,,07-11-2024 00:00,29-10-2024 06:21,25-07-2025 07:00,
413,413 - Av. Ressano Garcia / Av. António Augusto de Aguiar,38.73432,-9.15425,||> 6h00 - 2h00,||> Anual: 25? ||> Mensal: 15? ||> Diário*: 2? *(Valor promocional conforme termos e condições) ||> Mais informações em: https://www.gira-bicicletasdelisboa.pt/passes-e-tarifarios/,"||> Utilizador Regular: Ref. MB, PayPal, Cartões de Crédito: VISA e MasterCard ||> Utilizador Ocasional: Paypal e Cartões de Crédito: VISA e MasterCard + Valor de Caução de 300?.",||> gira@emel.pt ||> (+351) 211 163 060 (Opção 2 (no IVR)),True,13-12-2017 00:00,26-10-2017 15:27,24-07-2025 07:00,1050176
427,427 - Av. República / Av. Visconde Valmor,38.73812,-9.14617,||> 6h00 - 2h00,||> Anual: 25? ||> Mensal: 15? ||> Diário*: 2? *(Valor promocional conforme termos e condições) ||> Mais informações em: https://www.gira-bicicletasdelisboa.pt/passes-e-tarifarios/,"||> Utilizador Regular: Ref. MB, PayPal, Cartões de Crédito: VISA e MasterCard ||> Utilizador Ocasional: Paypal e Cartões de Crédito: VISA e MasterCard + Valor de Caução de 300?.",||> gira@emel.pt ||> (+351) 211 163 060 (Opção 2 (no IVR)),True,06-12-2017 00:00,26-10-2017 15:27,25-07-2025 07:00,1050186
366,366 - Palacio da justiça,38.731134,-9.156435,||> 6h00 - 2h00,||> Anual: 25? ||> Mensal: 15? ||> Diário*: 2? *(Valor promocional conforme termos e condições) ||> Mais informações em: https://www.gira-bicicletasdelisboa.pt/passes-e-tarifarios/,"||> Utilizador Regular: Ref. MB, PayPal, Cartões de Crédito: VISA e MasterCard ||> Utilizador Ocasional: Paypal e Cartões de Crédito: VISA e MasterCard + Valor de Caução de 300?.",||> gira@emel.pt ||> (+351) 211 163 060 (Opção 2 (no IVR)),True,04-05-2022 00:00,11-03-2022 09:37,25-07-2025 07:00,1070296
,565 - Rua A do Pual / Parque Oeste Alta de Lisboa,38.777121,-9.15743,,,,,,,26-03-2025 12:19,25-07-2025 07:00,
444,444 - Rua João da Silva / Complexo Desportivo do Casal Vistoso,38.742368,-9.128901,||> 6h00 - 2h00,||> Anual: 25? ||> Mensal: 15? ||> Diário*: 2? *(Valor promocional conforme termos e condições) ||> Mais informações em: https://www.gira-bicicletasdelisboa.pt/passes-e-tarifarios/,"||> Utilizador Regular: Ref. MB, PayPal, Cartões de Crédito: VISA e MasterCard ||> Utilizador Ocasional: Paypal e Cartões de Crédito: VISA e MasterCard + Valor de Caução de 300?.",||> gira@emel.pt ||> (+351) 211 163 060 (Opção 2 (no IVR)),True,05-11-2024 00:00,29-10-2024 06:21,25-07-2025 07:00,
,404 - Largo São Sebastião da Pedreira,38.733526,-9.152444,,,,,,,27-11-2024 12:45,25-07-2025 07:00,
,469 - Avenida Almirante Gago Coutinho / Avenida Dom Rodrigo da Cunha,38.754472,-9.130766,,,,,,,28-11-2024 14:14,25-07-2025 07:00,
308,308 - Marquês de Pombal,38.7246,-9.14969,||> 6h00 - 2h00,||> Anual: 25? ||> Mensal: 15? ||> Diário*: 2? *(Valor promocional conforme termos e condições) ||> Mais informações em: https://www.gira-bicicletasdelisboa.pt/passes-e-tarifarios/,"||> Utilizador Regular: Ref. MB, PayPal, Cartões de Crédito: VISA e MasterCard ||> Utilizador Ocasional: Paypal e Cartões de Crédito: VISA e MasterCard + Valor de Caução de 300?.",||> gira@emel.pt ||> (+351) 211 163 060 (Opção 2 (no IVR)),True,27-03-2018 00:00,26-03-2018 11:58,25-07-2025 07:00,1250149
443,443 - Av. de Roma / Fórum Lisboa,38.74351,-9.13866,||> 6h00 - 2h00,||> Anual: 25? ||> Mensal: 15? ||> Diário*: 2? *(Valor promocional conforme termos e condições) ||> Mais informações em: https://www.gira-bicicletasdelisboa.pt/passes-e-tarifarios/,"||> Utilizador Regular: Ref. MB, PayPal, Cartões de Crédito: VISA e MasterCard ||> Utilizador Ocasional: Paypal e Cartões de Crédito: VISA e MasterCard + Valor de Caução de 300?.",||> gira@emel.pt ||> (+351) 211 163 060 (Opção 2 (no IVR)),True,05-04-2018 00:00,27-03-2018 14:06,25-07-2025 07:00,1000143
,328 - Avenida General Roçadas / Rua Francisco Pedro Curado,38.727509,-9.128212,,,,,,,13-12-2024 07:24,25-07-2025 07:00,
310,"310 - Rua Pina Manique / Largo do Intendente ",38.720733,-9.134847,||> 6h00 - 2h00,||> Anual: 25? ||> Mensal: 15? ||> Diário*: 2? *(Valor promocional conforme termos e condições) ||> Mais informações em: https://www.gira-bicicletasdelisboa.pt/passes-e-tarifarios/,"||> Utilizador Regular: Ref. MB, PayPal, Cartões de Crédito: VISA e MasterCard ||> Utilizador Ocasional: Paypal e Cartões de Crédito: VISA e MasterCard + Valor de Caução de 300?.",||> gira@emel.pt ||> (+351) 211 163 060 (Opção 2 (no IVR)),True,15-04-2022 00:00,16-03-2022 08:23,25-07-2025 07:00,1100285
511,511 - Avenida do Uruguai,38.753789,-9.196294,||> 6h00 - 2h00,||> Anual: 25? ||> Mensal: 15? ||> Diário*: 2? *(Valor promocional conforme termos e condições) ||> Mais informações em: https://www.gira-bicicletasdelisboa.pt/passes-e-tarifarios/,"||> Utilizador Regular: Ref. MB, PayPal, Cartões de Crédito: VISA e MasterCard ||> Utilizador Ocasional: Paypal e Cartões de Crédito: VISA e MasterCard + Valor de Caução de 300?.",||> gira@emel.pt ||> (+351) 211 163 060 (Opção 2 (no IVR)),True,28-07-2023 00:00,05-06-2023 11:05,25-07-2025 07:00,
107,107 - Rotunda dos Vice-Reis,38.774505,-9.095416,||> 6h00 - 2h00,||> Anual: 25? ||> Mensal: 15? ||> Diário*: 2? *(Valor promocional conforme termos e condições) ||> Mais informações em: https://www.gira-bicicletasdelisboa.pt/passes-e-tarifarios/,"||> Utilizador Regular: Ref. MB, PayPal, Cartões de Crédito: VISA e MasterCard ||> Utilizador Ocasional: Paypal e Cartões de Crédito: VISA e MasterCard + Valor de Caução de 300?.",||> gira@emel.pt ||> (+351) 211 163 060 (Opção 2 (no IVR)),True,21-06-2017 00:00,02-05-2017 23:28,25-07-2025 07:00,1990265
110,110 - Rua de Moscavide,38.778466,-9.097068,||> 6h00 - 2h00,||> Anual: 25? ||> Mensal: 15? ||> Diário*: 2? *(Valor promocional conforme termos e condições) ||> Mais informações em: https://www.gira-bicicletasdelisboa.pt/passes-e-tarifarios/,"||> Utilizador Regular: Ref. MB, PayPal, Cartões de Crédito: VISA e MasterCard ||> Utilizador Ocasional: Paypal e Cartões de Crédito: VISA e MasterCard + Valor de Caução de 300?.",||> gira@emel.pt ||> (+351) 211 163 060 (Opção 2 (no IVR)),True,21-06-2017 00:00,02-05-2017 23:28,25-07-2025 07:00,1900238
106,106 - Jardim Garcia da Orta,38.769459,-9.092506,||> 6h00 - 2h00,||> Anual: 25? ||> Mensal: 15? ||> Diário*: 2? *(Valor promocional conforme termos e condições) ||> Mais informações em: https://www.gira-bicicletasdelisboa.pt/passes-e-tarifarios/,"||> Utilizador Regular: Ref. MB, PayPal, Cartões de Crédito: VISA e MasterCard ||> Utilizador Ocasional: Paypal e Cartões de Crédito: VISA e MasterCard + Valor de Caução de 300?.",||> gira@emel.pt ||> (+351) 211 163 060 (Opção 2 (no IVR)),True,21-06-2017 00:00,02-05-2017 23:28,25-07-2025 07:00,1990254
429,429 - Av. Defensores de Chaves / Av. Elias Garcia,38.738442,-9.144196,||> 6h00 - 2h00,||> Anual: 25? ||> Mensal: 15? ||> Diário*: 2? *(Valor promocional conforme termos e condições) ||> Mais informações em: https://www.gira-bicicletasdelisboa.pt/passes-e-tarifarios/,"||> Utilizador Regular: Ref. MB, PayPal, Cartões de Crédito: VISA e MasterCard ||> Utilizador Ocasional: Paypal e Cartões de Crédito: VISA e MasterCard + Valor de Caução de 300?.",||> gira@emel.pt ||> (+351) 211 163 060 (Opção 2 (no IVR)),True,05-11-2024 00:00,29-10-2024 06:21,25-07-2025 07:00,
288,288 - Praça David Leandro da Silva,38.742484,-9.102359,||> 6h00 - 2h00,||> Anual: 25? ||> Mensal: 15? ||> Diário*: 2? *(Valor promocional conforme termos e condições) ||> Mais informações em: https://www.gira-bicicletasdelisboa.pt/passes-e-tarifarios/,"||> Utilizador Regular: Ref. MB, PayPal, Cartões de Crédito: VISA e MasterCard ||> Utilizador Ocasional: Paypal e Cartões de Crédito: VISA e MasterCard + Valor de Caução de 300?.",||> gira@emel.pt ||> (+351) 211 163 060 (Opção 2 (no IVR)),True,17-10-2024 00:00,11-10-2024 07:19,25-07-2025 07:00,
459,459 - Rua Maria Amália Vaz de Carvalho / ES Rainha D. Leonor,38.751481,-9.141741,||> 6h00 - 2h00,||> Anual: 25? ||> Mensal: 15? ||> Diário*: 2? *(Valor promocional conforme termos e condições) ||> Mais informações em: https://www.gira-bicicletasdelisboa.pt/passes-e-tarifarios/,"||> Utilizador Regular: Ref. MB, PayPal, Cartões de Crédito: VISA e MasterCard ||> Utilizador Ocasional: Paypal e Cartões de Crédito: VISA e MasterCard + Valor de Caução de 300?.",||> gira@emel.pt ||> (+351) 211 163 060 (Opção 2 (no IVR)),True,06-12-2017 00:00,26-10-2017 15:27,25-07-2025 07:00,1700330
,153 - Praça das Casas Novas / Mercado Sul,38.771913,-9.11314,,,,,,,18-12-2024 07:40,25-07-2025 07:00,
406,406 - Praça Duque de Saldanha,38.734247,-9.145341,||> 6h00 - 2h00,||> Anual: 25? ||> Mensal: 15? ||> Diário*: 2? *(Valor promocional conforme termos e condições) ||> Mais informações em: https://www.gira-bicicletasdelisboa.pt/passes-e-tarifarios/,"||> Utilizador Regular: Ref. MB, PayPal, Cartões de Crédito: VISA e MasterCard ||> Utilizador Ocasional: Paypal e Cartões de Crédito: VISA e MasterCard + Valor de Caução de 300?.",||> gira@emel.pt ||> (+351) 211 163 060 (Opção 2 (no IVR)),True,13-12-2017 00:00,26-10-2017 15:27,25-07-2025 07:00,1050120
408,408 - Praça Duque de Saldanha,38.733749,-9.144117,||> 6h00 - 2h00,||> Anual: 25? ||> Mensal: 15? ||> Diário*: 2? *(Valor promocional conforme termos e condições) ||> Mais informações em: https://www.gira-bicicletasdelisboa.pt/passes-e-tarifarios/,"||> Utilizador Regular: Ref. MB, PayPal, Cartões de Crédito: VISA e MasterCard ||> Utilizador Ocasional: Paypal e Cartões de Crédito: VISA e MasterCard + Valor de Caução de 300?.",||> gira@emel.pt ||> (+351) 211 163 060 (Opção 2 (no IVR)),True,13-12-2017 00:00,26-10-2017 15:27,25-07-2025 07:00,1000093
221,221 - Rua do Crucifixo / Rua São Nicolau,38.710191,-9.138828,||> 6h00 - 2h00,||> Anual: 25? ||> Mensal: 15? ||> Diário*: 2? *(Valor promocional conforme termos e condições) ||> Mais informações em: https://www.gira-bicicletasdelisboa.pt/passes-e-tarifarios/,"||> Utilizador Regular: Ref. MB, PayPal, Cartões de Crédito: VISA e MasterCard ||> Utilizador Ocasional: Paypal e Cartões de Crédito: VISA e MasterCard + Valor de Caução de 300?.",||> gira@emel.pt ||> (+351) 211 163 060 (Opção 2 (no IVR)),True,25-02-2022 00:00,21-02-2022 08:51,25-07-2025 07:00,1100184
,445 - Avenida Afonso Costa / SSCML,38.74068,-9.127572,,,,,,,15-01-2025 07:35,25-07-2025 07:00,
473,473 - Av. do Brasil / Av. de Roma,38.75643,-9.14697,||> 6h00 - 2h00,||> Anual: 25? ||> Mensal: 15? ||> Diário*: 2? *(Valor promocional conforme termos e condições) ||> Mais informações em: https://www.gira-bicicletasdelisboa.pt/passes-e-tarifarios/,"||> Utilizador Regular: Ref. MB, PayPal, Cartões de Crédito: VISA e MasterCard ||> Utilizador Ocasional: Paypal e Cartões de Crédito: VISA e MasterCard + Valor de Caução de 300?.",||> gira@emel.pt ||> (+351) 211 163 060 (Opção 2 (no IVR)),True,13-12-2017 00:00,26-10-2017 15:27,25-07-2025 07:00,1749002
423,423 - Av. Conde Valbom / Rua Marquês Sá da Bandeira,38.737911,-9.152295,||> 6h00 - 2h00,||> Anual: 25? ||> Mensal: 15? ||> Diário*: 2? *(Valor promocional conforme termos e condições) ||> Mais informações em: https://www.gira-bicicletasdelisboa.pt/passes-e-tarifarios/,"||> Utilizador Regular: Ref. MB, PayPal, Cartões de Crédito: VISA e MasterCard ||> Utilizador Ocasional: Paypal e Cartões de Crédito: VISA e MasterCard + Valor de Caução de 300?.",||> gira@emel.pt ||> (+351) 211 163 060 (Opção 2 (no IVR)),True,18-11-2017 00:00,26-10-2017 15:27,25-07-2025 07:00,1050070
474,474 - Av. do Brasil / Av. Rio de Janeiro,38.75832,-9.1409,||> 6h00 - 2h00,||> Anual: 25? ||> Mensal: 15? ||> Diário*: 2? *(Valor promocional conforme termos e condições) ||> Mais informações em: https://www.gira-bicicletasdelisboa.pt/passes-e-tarifarios/,"||> Utilizador Regular: Ref. MB, PayPal, Cartões de Crédito: VISA e MasterCard ||> Utilizador Ocasional: Paypal e Cartões de Crédito: VISA e MasterCard + Valor de Caução de 300?.",||> gira@emel.pt ||> (+351) 211 163 060 (Opção 2 (no IVR)),True,13-12-2017 00:00,26-10-2017 15:27,25-07-2025 07:00,1700111
463,463 - Campo Grande / Av. da Igreja,38.75243,-9.14951,||> 6h00 - 2h00,||> Anual: 25? ||> Mensal: 15? ||> Diário*: 2? *(Valor promocional conforme termos e condições) ||> Mais informações em: https://www.gira-bicicletasdelisboa.pt/passes-e-tarifarios/,"||> Utilizador Regular: Ref. MB, PayPal, Cartões de Crédito: VISA e MasterCard ||> Utilizador Ocasional: Paypal e Cartões de Crédito: VISA e MasterCard + Valor de Caução de 300?.",||> gira@emel.pt ||> (+351) 211 163 060 (Opção 2 (no IVR)),True,18-11-2017 00:00,26-10-2017 15:27,25-07-2025 07:00,1700094
407,407 - Praça Duque de Saldanha,38.73434,-9.14446,||> 6h00 - 2h00,||> Anual: 25? ||> Mensal: 15? ||> Diário*: 2? *(Valor promocional conforme termos e condições) ||> Mais informações em: https://www.gira-bicicletasdelisboa.pt/passes-e-tarifarios/,"||> Utilizador Regular: Ref. MB, PayPal, Cartões de Crédito: VISA e MasterCard ||> Utilizador Ocasional: Paypal e Cartões de Crédito: VISA e MasterCard + Valor de Caução de 300?.",||> gira@emel.pt ||> (+351) 211 163 060 (Opção 2 (no IVR)),True,13-12-2017 00:00,26-10-2017 15:27,25-07-2025 07:00,1000093
453,453 - Av. Roma / Av. EUA,38.74873,-9.14207,||> 6h00 - 2h00,||> Anual: 25? ||> Mensal: 15? ||> Diário*: 2? *(Valor promocional conforme termos e condições) ||> Mais informações em: https://www.gira-bicicletasdelisboa.pt/passes-e-tarifarios/,"||> Utilizador Regular: Ref. MB, PayPal, Cartões de Crédito: VISA e MasterCard ||> Utilizador Ocasional: Paypal e Cartões de Crédito: VISA e MasterCard + Valor de Caução de 300?.",||> gira@emel.pt ||> (+351) 211 163 060 (Opção 2 (no IVR)),True,06-12-2017 00:00,26-10-2017 15:27,25-07-2025 07:00,1700342
506,506 - Rua Tenente Coronel Reibeiro dos Reis/Rua Conde de Almoster,38.745181,-9.190028,||> 6h00 - 2h00,||> Anual: 25? ||> Mensal: 15? ||> Diário*: 2? *(Valor promocional conforme termos e condições) ||> Mais informações em: https://www.gira-bicicletasdelisboa.pt/passes-e-tarifarios/,"||> Utilizador Regular: Ref. MB, PayPal, Cartões de Crédito: VISA e MasterCard ||> Utilizador Ocasional: Paypal e Cartões de Crédito: VISA e MasterCard + Valor de Caução de 300?.",||> gira@emel.pt ||> (+351) 211 163 060 (Opção 2 (no IVR)),True,26-05-2023 00:00,14-10-2022 22:03,25-07-2025 07:00,
509,509 - Centro Comercial Fonte Nova,38.748901,-9.190007,||> 6h00 - 2h00,||> Anual: 25? ||> Mensal: 15? ||> Diário*: 2? *(Valor promocional conforme termos e condições) ||> Mais informações em: https://www.gira-bicicletasdelisboa.pt/passes-e-tarifarios/,"||> Utilizador Regular: Ref. MB, PayPal, Cartões de Crédito: VISA e MasterCard ||> Utilizador Ocasional: Paypal e Cartões de Crédito: VISA e MasterCard + Valor de Caução de 300?.",||> gira@emel.pt ||> (+351) 211 163 060 (Opção 2 (no IVR)),True,30-09-2022 00:00,14-07-2022 18:38,25-07-2025 07:00,
517,517 - Rua Padre Américo,38.763505,-9.180437,||> 6h00 - 2h00,||> Anual: 25? ||> Mensal: 15? ||> Diário*: 2? *(Valor promocional conforme termos e condições) ||> Mais informações em: https://www.gira-bicicletasdelisboa.pt/passes-e-tarifarios/,"||> Utilizador Regular: Ref. MB, PayPal, Cartões de Crédito: VISA e MasterCard ||> Utilizador Ocasional: Paypal e Cartões de Crédito: VISA e MasterCard + Valor de Caução de 300?.",||> gira@emel.pt ||> (+351) 211 163 060 (Opção 2 (no IVR)),True,14-07-2022 00:00,22-03-2022 11:34,25-07-2025 07:00,1600864
238,238 - Rua de Cascais / Alcântara Mar,38.702936,-9.175234,||> 6h00 - 2h00,||> Anual: 25? ||> Mensal: 15? ||> Diário*: 2? *(Valor promocional conforme termos e condições) ||> Mais informações em: https://www.gira-bicicletasdelisboa.pt/passes-e-tarifarios/,"||> Utilizador Regular: Ref. MB, PayPal, Cartões de Crédito: VISA e MasterCard ||> Utilizador Ocasional: Paypal e Cartões de Crédito: VISA e MasterCard + Valor de Caução de 300?.",||> gira@emel.pt ||> (+351) 211 163 060 (Opção 2 (no IVR)),True,30-09-2022 00:00,22-03-2022 11:34,25-07-2025 07:00,
364,364 -Rua D.francisco M. de melo / Rua artilharia 1,38.728263,-9.159369,||> 6h00 - 2h00,||> Anual: 25? ||> Mensal: 15? ||> Diário*: 2? *(Valor promocional conforme termos e condições) ||> Mais informações em: https://www.gira-bicicletasdelisboa.pt/passes-e-tarifarios/,"||> Utilizador Regular: Ref. MB, PayPal, Cartões de Crédito: VISA e MasterCard ||> Utilizador Ocasional: Paypal e Cartões de Crédito: VISA e MasterCard + Valor de Caução de 300?.",||> gira@emel.pt ||> (+351) 211 163 060 (Opção 2 (no IVR)),True,13-07-2022 00:00,10-06-2022 17:52,25-07-2025 07:00,1070015
363,363 - Rua de campolide / Rua marques da fronteira,38.727094,-9.162216,||> 6h00 - 2h00,||> Anual: 25? ||> Mensal: 15? ||> Diário*: 2? *(Valor promocional conforme termos e condições) ||> Mais informações em: https://www.gira-bicicletasdelisboa.pt/passes-e-tarifarios/,"||> Utilizador Regular: Ref. MB, PayPal, Cartões de Crédito: VISA e MasterCard ||> Utilizador Ocasional: Paypal e Cartões de Crédito: VISA e MasterCard + Valor de Caução de 300?.",||> gira@emel.pt ||> (+351) 211 163 060 (Opção 2 (no IVR)),True,13-07-2022 00:00,13-06-2022 10:31,25-07-2025 07:00,1070028
513,513 - Rua Guiomar Torresão/Metro de Carnide,38.758691,-9.19216,||> 6h00 - 2h00,||> Anual: 25? ||> Mensal: 15? ||> Diário*: 2? *(Valor promocional conforme termos e condições) ||> Mais informações em: https://www.gira-bicicletasdelisboa.pt/passes-e-tarifarios/,"||> Utilizador Regular: Ref. MB, PayPal, Cartões de Crédito: VISA e MasterCard ||> Utilizador Ocasional: Paypal e Cartões de Crédito: VISA e MasterCard + Valor de Caução de 300?.",||> gira@emel.pt ||> (+351) 211 163 060 (Opção 2 (no IVR)),True,26-05-2023 00:00,16-09-2022 09:42,25-07-2025 07:00,
518,518 - Avenida das Nações Unidas / Azinhaga da Torre do Fato,38.764097,-9.177955,||> 6h00 - 2h00,||> Anual: 25? ||> Mensal: 15? ||> Diário*: 2? *(Valor promocional conforme termos e condições) ||> Mais informações em: https://www.gira-bicicletasdelisboa.pt/passes-e-tarifarios/,"||> Utilizador Regular: Ref. MB, PayPal, Cartões de Crédito: VISA e MasterCard ||> Utilizador Ocasional: Paypal e Cartões de Crédito: VISA e MasterCard + Valor de Caução de 300?.",||> gira@emel.pt ||> (+351) 211 163 060 (Opção 2 (no IVR)),True,14-07-2022 00:00,22-03-2022 11:34,25-07-2025 07:00,1600548
103,103 - Jardim da Água,38.761218,-9.095019,||> 6h00 - 2h00,||> Anual: 25? ||> Mensal: 15? ||> Diário*: 2? *(Valor promocional conforme termos e condições) ||> Mais informações em: https://www.gira-bicicletasdelisboa.pt/passes-e-tarifarios/,"||> Utilizador Regular: Ref. MB, PayPal, Cartões de Crédito: VISA e MasterCard ||> Utilizador Ocasional: Paypal e Cartões de Crédito: VISA e MasterCard + Valor de Caução de 300?.",||> gira@emel.pt ||> (+351) 211 163 060 (Opção 2 (no IVR)),True,21-06-2017 00:00,02-05-2017 23:28,25-07-2025 07:00,1990074
508,508 - Estação de Comboios de Benfica,38.74473,-9.200039,||> 6h00 - 2h00,||> Anual: 25? ||> Mensal: 15? ||> Diário*: 2? *(Valor promocional conforme termos e condições) ||> Mais informações em: https://www.gira-bicicletasdelisboa.pt/passes-e-tarifarios/,"||> Utilizador Regular: Ref. MB, PayPal, Cartões de Crédito: VISA e MasterCard ||> Utilizador Ocasional: Paypal e Cartões de Crédito: VISA e MasterCard + Valor de Caução de 300?.",||> gira@emel.pt ||> (+351) 211 163 060 (Opção 2 (no IVR)),True,30-09-2022 00:00,22-03-2022 11:34,25-07-2025 07:00,
519,"519 - Rua Prof. Pulido Valente / Rua Prof. Mário ",38.763204,-9.1691,||> 6h00 - 2h00,||> Anual: 25? ||> Mensal: 15? ||> Diário*: 2? *(Valor promocional conforme termos e condições) ||> Mais informações em: https://www.gira-bicicletasdelisboa.pt/passes-e-tarifarios/,"||> Utilizador Regular: Ref. MB, PayPal, Cartões de Crédito: VISA e MasterCard ||> Utilizador Ocasional: Paypal e Cartões de Crédito: VISA e MasterCard + Valor de Caução de 300?.",||> gira@emel.pt ||> (+351) 211 163 060 (Opção 2 (no IVR)),True,14-07-2022 00:00,27-06-2022 16:51,25-07-2025 07:00,1600645
365,365 - Rua Castilho / Rua Marquês da Fronteira,38.729724,-9.157531,||> 6h00 - 2h00,||> Anual: 25? ||> Mensal: 15? ||> Diário*: 2? *(Valor promocional conforme termos e condições) ||> Mais informações em: https://www.gira-bicicletasdelisboa.pt/passes-e-tarifarios/,"||> Utilizador Regular: Ref. MB, PayPal, Cartões de Crédito: VISA e MasterCard ||> Utilizador Ocasional: Paypal e Cartões de Crédito: VISA e MasterCard + Valor de Caução de 300?.",||> gira@emel.pt ||> (+351) 211 163 060 (Opção 2 (no IVR)),True,04-05-2022 00:00,22-03-2022 11:34,25-07-2025 07:00,1070292
510,510 - Largo da Revista Militar / Avenida do Colégio Militar,38.752892,-9.189058,||> 6h00 - 2h00,||> Anual: 25? ||> Mensal: 15? ||> Diário*: 2? *(Valor promocional conforme termos e condições) ||> Mais informações em: https://www.gira-bicicletasdelisboa.pt/passes-e-tarifarios/,"||> Utilizador Regular: Ref. MB, PayPal, Cartões de Crédito: VISA e MasterCard ||> Utilizador Ocasional: Paypal e Cartões de Crédito: VISA e MasterCard + Valor de Caução de 300?.",||> gira@emel.pt ||> (+351) 211 163 060 (Opção 2 (no IVR)),True,13-07-2022 00:00,22-03-2022 11:34,25-07-2025 07:00,1500909
211,211 - Doca da Marinha,38.707751,-9.132463,||> 6h00 - 2h00,||> Anual: 25? ||> Mensal: 15? ||> Diário*: 2? *(Valor promocional conforme termos e condições) ||> Mais informações em: https://www.gira-bicicletasdelisboa.pt/passes-e-tarifarios/,"||> Utilizador Regular: Ref. MB, PayPal, Cartões de Crédito: VISA e MasterCard ||> Utilizador Ocasional: Paypal e Cartões de Crédito: VISA e MasterCard + Valor de Caução de 300?.",||> gira@emel.pt ||> (+351) 211 163 060 (Opção 2 (no IVR)),True,26-05-2023 00:00,16-02-2023 15:51,25-07-2025 07:00,
209,209 - Ribeira das Naus,38.705954,-9.141466,||> 6h00 - 2h00,||> Anual: 25? ||> Mensal: 15? ||> Diário*: 2? *(Valor promocional conforme termos e condições) ||> Mais informações em: https://www.gira-bicicletasdelisboa.pt/passes-e-tarifarios/,"||> Utilizador Regular: Ref. MB, PayPal, Cartões de Crédito: VISA e MasterCard ||> Utilizador Ocasional: Paypal e Cartões de Crédito: VISA e MasterCard + Valor de Caução de 300?.",||> gira@emel.pt ||> (+351) 211 163 060 (Opção 2 (no IVR)),True,27-05-2023 00:00,14-10-2022 21:47,25-07-2025 07:00,
,152 - Alameda da Encarnação / Rua da Portela	,38.770808,-9.121902,,,,,,,16-01-2025 07:19,25-07-2025 07:00,
309,309 - Rua da Palma,38.71901,-9.13577,||> 6h00 - 2h00,||> Anual: 25? ||> Mensal: 15? ||> Diário*: 2? *(Valor promocional conforme termos e condições) ||> Mais informações em: https://www.gira-bicicletasdelisboa.pt/passes-e-tarifarios/,"||> Utilizador Regular: Ref. MB, PayPal, Cartões de Crédito: VISA e MasterCard ||> Utilizador Ocasional: Paypal e Cartões de Crédito: VISA e MasterCard + Valor de Caução de 300?.",||> gira@emel.pt ||> (+351) 211 163 060 (Opção 2 (no IVR)),True,29-05-2018 00:00,15-03-2018 21:58,25-07-2025 07:00,1100394
475,475 - Av. Professor Gama Pinto / Cantina Velha,38.75115,-9.15907,||> 6h00 - 2h00,||> Anual: 25? ||> Mensal: 15? ||> Diário*: 2? *(Valor promocional conforme termos e condições) ||> Mais informações em: https://www.gira-bicicletasdelisboa.pt/passes-e-tarifarios/,"||> Utilizador Regular: Ref. MB, PayPal, Cartões de Crédito: VISA e MasterCard ||> Utilizador Ocasional: Paypal e Cartões de Crédito: VISA e MasterCard + Valor de Caução de 300?.",||> gira@emel.pt ||> (+351) 211 163 060 (Opção 2 (no IVR)),True,08-04-2020 00:00,10-08-2018 19:36,25-07-2025 07:00,1649028
,327 - Parada do Alto de São João,38.729419,-9.123307,,,,,,,16-01-2025 07:19,25-07-2025 07:00,
,454 - Av. Álvaro Pais / Rua da Cruz Vermelha	,38.744971,-9.151449,,,,,,,20-01-2025 07:22,25-07-2025 07:00,
112,112 - Alameda dos Oceanos / Passeio das Garças,38.78069,-9.09622,||> 6h00 - 2h00,||> Anual: 25? ||> Mensal: 15? ||> Diário*: 2? *(Valor promocional conforme termos e condições) ||> Mais informações em: https://www.gira-bicicletasdelisboa.pt/passes-e-tarifarios/,"||> Utilizador Regular: Ref. MB, PayPal, Cartões de Crédito: VISA e MasterCard ||> Utilizador Ocasional: Paypal e Cartões de Crédito: VISA e MasterCard + Valor de Caução de 300?.",||> gira@emel.pt ||> (+351) 211 163 060 (Opção 2 (no IVR)),True,19-09-2019 00:00,10-08-2018 19:14,25-07-2025 07:00,1900238
115,115 - Passeio dos Heróis do Mar / Rua Capitão Cook,38.793,-9.09781,||> 6h00 - 2h00,||> Anual: 25? ||> Mensal: 15? ||> Diário*: 2? *(Valor promocional conforme termos e condições) ||> Mais informações em: https://www.gira-bicicletasdelisboa.pt/passes-e-tarifarios/,"||> Utilizador Regular: Ref. MB, PayPal, Cartões de Crédito: VISA e MasterCard ||> Utilizador Ocasional: Paypal e Cartões de Crédito: VISA e MasterCard + Valor de Caução de 300?.",||> gira@emel.pt ||> (+351) 211 163 060 (Opção 2 (no IVR)),True,06-06-2018 00:00,15-03-2018 11:52,25-07-2025 07:00,1990514
449,449 - Av. 5 de Outubro / Rua da Cruz Vermelha,38.746836,-9.150085,||> 6h00 - 2h00,||> Anual: 25? ||> Mensal: 15? ||> Diário*: 2? *(Valor promocional conforme termos e condições) ||> Mais informações em: https://www.gira-bicicletasdelisboa.pt/passes-e-tarifarios/,"||> Utilizador Regular: Ref. MB, PayPal, Cartões de Crédito: VISA e MasterCard ||> Utilizador Ocasional: Paypal e Cartões de Crédito: VISA e MasterCard + Valor de Caução de 300?.",||> gira@emel.pt ||> (+351) 211 163 060 (Opção 2 (no IVR)),True,06-12-2017 00:00,26-10-2017 15:27,25-07-2025 07:00,1600036
,580 - Azinhaga da Cidade / Pq. Estacionamento Ameixoeira,38.77946,-9.159014,,,,,,,20-02-2025 04:39,11-07-2025 07:00,
446,"446 - Av. República / Interface Entrecampos ",38.74456,-9.14773,||> 6h00 - 2h00,||> Anual: 25? ||> Mensal: 15? ||> Diário*: 2? *(Valor promocional conforme termos e condições) ||> Mais informações em: https://www.gira-bicicletasdelisboa.pt/passes-e-tarifarios/,"||> Utilizador Regular: Ref. MB, PayPal, Cartões de Crédito: VISA e MasterCard ||> Utilizador Ocasional: Paypal e Cartões de Crédito: VISA e MasterCard + Valor de Caução de 300?.",||> gira@emel.pt ||> (+351) 211 163 060 (Opção 2 (no IVR)),True,06-12-2017 00:00,26-10-2017 15:27,25-07-2025 07:00,1050995
,564 - R. Prof. Manuel Valadares / Azinhaga da Cidade,38.776152,-9.159899,,,,,,,26-03-2025 12:19,11-07-2025 07:00,
514,514 - Avenida do Colegio Militar / Rua Adelaide Cabete,38.75736,-9.185588,||> 6h00 - 2h00,||> Anual: 25? ||> Mensal: 15? ||> Diário*: 2? *(Valor promocional conforme termos e condições) ||> Mais informações em: https://www.gira-bicicletasdelisboa.pt/passes-e-tarifarios/,"||> Utilizador Regular: Ref. MB, PayPal, Cartões de Crédito: VISA e MasterCard ||> Utilizador Ocasional: Paypal e Cartões de Crédito: VISA e MasterCard + Valor de Caução de 300?.",||> gira@emel.pt ||> (+351) 211 163 060 (Opção 2 (no IVR)),True,28-07-2023 00:00,14-07-2022 18:38,25-07-2025 07:00,
512,512 - Metro da Pontinha,38.7626054,-9.1967687,||> 6h00 - 2h00,||> Anual: 25? ||> Mensal: 15? ||> Diário*: 2? *(Valor promocional conforme termos e condições) ||> Mais informações em: https://www.gira-bicicletasdelisboa.pt/passes-e-tarifarios/,"||> Utilizador Regular: Ref. MB, PayPal, Cartões de Crédito: VISA e MasterCard ||> Utilizador Ocasional: Paypal e Cartões de Crédito: VISA e MasterCard + Valor de Caução de 300?.",||> gira@emel.pt ||> (+351) 211 163 060 (Opção 2 (no IVR)),True,15-07-2024 00:00,12-07-2024 07:20,25-07-2025 07:00,
,234 - Av. da Índia / Museu Nacional dos Coches,38.69631,-9.198901,,,,,,,30-12-2024 07:15,25-07-2025 07:00,
,439 - Rua General Leman,38.741986,-9.157637,,,,,,,18-12-2024 07:40,25-07-2025 07:00,
235,235 - Rua da Junqueira / Rua Pinto Ferreira,38.697907,-9.191793,||> 6h00 - 2h00,||> Anual: 25? ||> Mensal: 15? ||> Diário*: 2? *(Valor promocional conforme termos e condições) ||> Mais informações em: https://www.gira-bicicletasdelisboa.pt/passes-e-tarifarios/,"||> Utilizador Regular: Ref. MB, PayPal, Cartões de Crédito: VISA e MasterCard ||> Utilizador Ocasional: Paypal e Cartões de Crédito: VISA e MasterCard + Valor de Caução de 300?.",||> gira@emel.pt ||> (+351) 211 163 060 (Opção 2 (no IVR)),True,,14-07-2022 18:38,25-07-2025 07:00,
324,324 - Rua Morais Soares / Largo Mendonça e Costa,38.733025,-9.130805,||> 6h00 - 2h00,||> Anual: 25? ||> Mensal: 15? ||> Diário*: 2? *(Valor promocional conforme termos e condições) ||> Mais informações em: https://www.gira-bicicletasdelisboa.pt/passes-e-tarifarios/,"||> Utilizador Regular: Ref. MB, PayPal, Cartões de Crédito: VISA e MasterCard ||> Utilizador Ocasional: Paypal e Cartões de Crédito: VISA e MasterCard + Valor de Caução de 300?.",||> gira@emel.pt ||> (+351) 211 163 060 (Opção 2 (no IVR)),True,15-07-2024 00:00,01-07-2024 23:22,25-07-2025 07:00,
,233 - Rua de Belém / Jardim Vasco da Gama,38.696867,-9.204056,,,,,,,03-01-2025 07:13,25-07-2025 07:00,
331,331 - Avenida General Roçadas / Mercado de Sapadores,38.722547,-9.128819,||> 6h00 - 2h00,||> Anual: 25? ||> Mensal: 15? ||> Diário*: 2? *(Valor promocional conforme termos e condições) ||> Mais informações em: https://www.gira-bicicletasdelisboa.pt/passes-e-tarifarios/,"||> Utilizador Regular: Ref. MB, PayPal, Cartões de Crédito: VISA e MasterCard ||> Utilizador Ocasional: Paypal e Cartões de Crédito: VISA e MasterCard + Valor de Caução de 300?.",||> gira@emel.pt ||> (+351) 211 163 060 (Opção 2 (no IVR)),True,15-07-2024 00:00,01-07-2024 23:22,25-07-2025 07:00,
150,150 - Avenida Dr. Francisco Luis Gomes / Go Fit,38.769665,-9.111745,||> 6h00 - 2h00,||> Anual: 25? ||> Mensal: 15? ||> Diário*: 2? *(Valor promocional conforme termos e condições) ||> Mais informações em: https://www.gira-bicicletasdelisboa.pt/passes-e-tarifarios/,"||> Utilizador Regular: Ref. MB, PayPal, Cartões de Crédito: VISA e MasterCard ||> Utilizador Ocasional: Paypal e Cartões de Crédito: VISA e MasterCard + Valor de Caução de 300?.",||> gira@emel.pt ||> (+351) 211 163 060 (Opção 2 (no IVR)),True,29-07-2021 00:00,27-07-2021 07:25,25-07-2025 07:00,1800178
480,480 - Faculdade de Ciências,38.75587,-9.15503,||> 6h00 - 2h00,||> Anual: 25? ||> Mensal: 15? ||> Diário*: 2? *(Valor promocional conforme termos e condições) ||> Mais informações em: https://www.gira-bicicletasdelisboa.pt/passes-e-tarifarios/,"||> Utilizador Regular: Ref. MB, PayPal, Cartões de Crédito: VISA e MasterCard ||> Utilizador Ocasional: Paypal e Cartões de Crédito: VISA e MasterCard + Valor de Caução de 300?.",||> gira@emel.pt ||> (+351) 211 163 060 (Opção 2 (no IVR)),True,19-09-2019 00:00,10-08-2018 19:45,25-07-2025 07:00,1749016
476,476 - Av. Professor Gama Pinto / Reitoria,38.75231,-9.15885,||> 6h00 - 2h00,||> Anual: 25? ||> Mensal: 15? ||> Diário*: 2? *(Valor promocional conforme termos e condições) ||> Mais informações em: https://www.gira-bicicletasdelisboa.pt/passes-e-tarifarios/,"||> Utilizador Regular: Ref. MB, PayPal, Cartões de Crédito: VISA e MasterCard ||> Utilizador Ocasional: Paypal e Cartões de Crédito: VISA e MasterCard + Valor de Caução de 300?.",||> gira@emel.pt ||> (+351) 211 163 060 (Opção 2 (no IVR)),True,08-04-2020 00:00,10-08-2018 19:46,25-07-2025 07:00,1649028
478,478 - Alameda da Universidade / Faculdade de Letras,38.75359,-9.15717,||> 6h00 - 2h00,||> Anual: 25? ||> Mensal: 15? ||> Diário*: 2? *(Valor promocional conforme termos e condições) ||> Mais informações em: https://www.gira-bicicletasdelisboa.pt/passes-e-tarifarios/,"||> Utilizador Regular: Ref. MB, PayPal, Cartões de Crédito: VISA e MasterCard ||> Utilizador Ocasional: Paypal e Cartões de Crédito: VISA e MasterCard + Valor de Caução de 300?.",||> gira@emel.pt ||> (+351) 211 163 060 (Opção 2 (no IVR)),True,25-05-2021 00:00,16-08-2018 14:04,25-07-2025 07:00,1600063
477,477 - Alameda da Universidade / Faculdade de Direito,38.75264,-9.15671,||> 6h00 - 2h00,||> Anual: 25? ||> Mensal: 15? ||> Diário*: 2? *(Valor promocional conforme termos e condições) ||> Mais informações em: https://www.gira-bicicletasdelisboa.pt/passes-e-tarifarios/,"||> Utilizador Regular: Ref. MB, PayPal, Cartões de Crédito: VISA e MasterCard ||> Utilizador Ocasional: Paypal e Cartões de Crédito: VISA e MasterCard + Valor de Caução de 300?.",||> gira@emel.pt ||> (+351) 211 163 060 (Opção 2 (no IVR)),True,25-05-2021 00:00,16-08-2018 15:14,25-07-2025 07:00,1649004
134,134 - Praça Cidade do Luso,38.765588,-9.116342,||> 6h00 - 2h00,||> Anual: 25? ||> Mensal: 15? ||> Diário*: 2? *(Valor promocional conforme termos e condições) ||> Mais informações em: https://www.gira-bicicletasdelisboa.pt/passes-e-tarifarios/,"||> Utilizador Regular: Ref. MB, PayPal, Cartões de Crédito: VISA e MasterCard ||> Utilizador Ocasional: Paypal e Cartões de Crédito: VISA e MasterCard + Valor de Caução de 300?.",||> gira@emel.pt ||> (+351) 211 163 060 (Opção 2 (no IVR)),True,29-07-2021 00:00,27-07-2021 07:23,25-07-2025 07:00,1800100
132,132 - Avenida de Berlim / Rua Cidade de Cabinda,38.76829,-9.11255,||> 6h00 - 2h00,||> Anual: 25? ||> Mensal: 15? ||> Diário*: 2? *(Valor promocional conforme termos e condições) ||> Mais informações em: https://www.gira-bicicletasdelisboa.pt/passes-e-tarifarios/,"||> Utilizador Regular: Ref. MB, PayPal, Cartões de Crédito: VISA e MasterCard ||> Utilizador Ocasional: Paypal e Cartões de Crédito: VISA e MasterCard + Valor de Caução de 300?.",||> gira@emel.pt ||> (+351) 211 163 060 (Opção 2 (no IVR)),True,29-07-2021 00:00,27-07-2021 07:24,25-07-2025 07:00,1800178
516,516 - Rua Professor Carlos Teixeira / Rua Professor Simões Raposo,38.76217,-9.174872,||> 6h00 - 2h00,||> Anual: 25? ||> Mensal: 15? ||> Diário*: 2? *(Valor promocional conforme termos e condições) ||> Mais informações em: https://www.gira-bicicletasdelisboa.pt/passes-e-tarifarios/,"||> Utilizador Regular: Ref. MB, PayPal, Cartões de Crédito: VISA e MasterCard ||> Utilizador Ocasional: Paypal e Cartões de Crédito: VISA e MasterCard + Valor de Caução de 300?.",||> gira@emel.pt ||> (+351) 211 163 060 (Opção 2 (no IVR)),True,26-05-2023 00:00,24-03-2023 17:07,25-07-2025 07:00,
437,437 - Avenida Columbano Bordalo Pinheiro / Rua de Campolide,38.739427,-9.166589,||> 6h00 - 2h00,||> Anual: 25? ||> Mensal: 15? ||> Diário*: 2? *(Valor promocional conforme termos e condições) ||> Mais informações em: https://www.gira-bicicletasdelisboa.pt/passes-e-tarifarios/,"||> Utilizador Regular: Ref. MB, PayPal, Cartões de Crédito: VISA e MasterCard ||> Utilizador Ocasional: Paypal e Cartões de Crédito: VISA e MasterCard + Valor de Caução de 300?.",||> gira@emel.pt ||> (+351) 211 163 060 (Opção 2 (no IVR)),True,26-05-2023 00:00,19-04-2023 04:24,25-07-2025 07:00,
109,109 - Alameda dos Oceanos / Rua Ilha dos Amores,38.777548,-9.094686,||> 6h00 - 2h00,||> Anual: 25? ||> Mensal: 15? ||> Diário*: 2? *(Valor promocional conforme termos e condições) ||> Mais informações em: https://www.gira-bicicletasdelisboa.pt/passes-e-tarifarios/,"||> Utilizador Regular: Ref. MB, PayPal, Cartões de Crédito: VISA e MasterCard ||> Utilizador Ocasional: Paypal e Cartões de Crédito: VISA e MasterCard + Valor de Caução de 300?.",||> gira@emel.pt ||> (+351) 211 163 060 (Opção 2 (no IVR)),True,21-06-2017 00:00,27-04-2023 04:34,24-07-2025 07:00,
139,139 - Rua Cidade de Bissau (Metro Olivais),38.76134,-9.111596,||> 6h00 - 2h00,||> Anual: 25? ||> Mensal: 15? ||> Diário*: 2? *(Valor promocional conforme termos e condições) ||> Mais informações em: https://www.gira-bicicletasdelisboa.pt/passes-e-tarifarios/,"||> Utilizador Regular: Ref. MB, PayPal, Cartões de Crédito: VISA e MasterCard ||> Utilizador Ocasional: Paypal e Cartões de Crédito: VISA e MasterCard + Valor de Caução de 300?.",||> gira@emel.pt ||> (+351) 211 163 060 (Opção 2 (no IVR)),True,10-02-2022 00:00,27-01-2022 09:52,25-07-2025 07:00,1800088
311,311 - Avenida Almirante Reis Nº14,38.721721,-9.135295,||> 6h00 - 2h00,||> Anual: 25? ||> Mensal: 15? ||> Diário*: 2? *(Valor promocional conforme termos e condições) ||> Mais informações em: https://www.gira-bicicletasdelisboa.pt/passes-e-tarifarios/,"||> Utilizador Regular: Ref. MB, PayPal, Cartões de Crédito: VISA e MasterCard ||> Utilizador Ocasional: Paypal e Cartões de Crédito: VISA e MasterCard + Valor de Caução de 300?.",||> gira@emel.pt ||> (+351) 211 163 060 (Opção 2 (no IVR)),True,31-01-2022 00:00,27-01-2022 09:52,25-07-2025 07:00,1169199
313,313 - Rua Frei Francisco Foreiro / Rua de Arroios,38.728049,-9.135956,||> 6h00 - 2h00,||> Anual: 25? ||> Mensal: 15? ||> Diário*: 2? *(Valor promocional conforme termos e condições) ||> Mais informações em: https://www.gira-bicicletasdelisboa.pt/passes-e-tarifarios/,"||> Utilizador Regular: Ref. MB, PayPal, Cartões de Crédito: VISA e MasterCard ||> Utilizador Ocasional: Paypal e Cartões de Crédito: VISA e MasterCard + Valor de Caução de 300?.",||> gira@emel.pt ||> (+351) 211 163 060 (Opção 2 (no IVR)),True,31-01-2022 00:00,27-01-2022 09:52,25-07-2025 07:00,1150166
352,352 - Rua Tomás da Anunciação / Rua Almeida e S.,38.717313,-9.165653,||> 6h00 - 2h00,||> Anual: 25? ||> Mensal: 15? ||> Diário*: 2? *(Valor promocional conforme termos e condições) ||> Mais informações em: https://www.gira-bicicletasdelisboa.pt/passes-e-tarifarios/,"||> Utilizador Regular: Ref. MB, PayPal, Cartões de Crédito: VISA e MasterCard ||> Utilizador Ocasional: Paypal e Cartões de Crédito: VISA e MasterCard + Valor de Caução de 300?.",||> gira@emel.pt ||> (+351) 211 163 060 (Opção 2 (no IVR)),True,13-07-2022 00:00,27-06-2022 16:54,25-07-2025 07:00,1350168
507,507 - Rua José dos Santos Pereira / Rua Conde de Almoster,38.744727,-9.193024,||> 6h00 - 2h00,||> Anual: 25? ||> Mensal: 15? ||> Diário*: 2? *(Valor promocional conforme termos e condições) ||> Mais informações em: https://www.gira-bicicletasdelisboa.pt/passes-e-tarifarios/,"||> Utilizador Regular: Ref. MB, PayPal, Cartões de Crédito: VISA e MasterCard ||> Utilizador Ocasional: Paypal e Cartões de Crédito: VISA e MasterCard + Valor de Caução de 300?.",||> gira@emel.pt ||> (+351) 211 163 060 (Opção 2 (no IVR)),True,30-09-2022 00:00,14-07-2022 18:38,25-07-2025 07:00,
520,520 - Lispolis,38.766995,-9.182513,||> 6h00 - 2h00,||> Anual: 25? ||> Mensal: 15? ||> Diário*: 2? *(Valor promocional conforme termos e condições) ||> Mais informações em: https://www.gira-bicicletasdelisboa.pt/passes-e-tarifarios/,"||> Utilizador Regular: Ref. MB, PayPal, Cartões de Crédito: VISA e MasterCard ||> Utilizador Ocasional: Paypal e Cartões de Crédito: VISA e MasterCard + Valor de Caução de 300?.",||> gira@emel.pt ||> (+351) 211 163 060 (Opção 2 (no IVR)),True,30-09-2022 00:00,14-07-2022 18:38,25-07-2025 07:00,
521,521 - Rua César de Oliveira / Rua Fernando Lopes Graça,38.7690441,-9.1738603,||> 6h00 - 2h00,||> Anual: 25? ||> Mensal: 15? ||> Diário*: 2? *(Valor promocional conforme termos e condições) ||> Mais informações em: https://www.gira-bicicletasdelisboa.pt/passes-e-tarifarios/,"||> Utilizador Regular: Ref. MB, PayPal, Cartões de Crédito: VISA e MasterCard ||> Utilizador Ocasional: Paypal e Cartões de Crédito: VISA e MasterCard + Valor de Caução de 300?.",||> gira@emel.pt ||> (+351) 211 163 060 (Opção 2 (no IVR)),True,08-12-2022 00:00,14-07-2022 18:38,25-07-2025 07:00,
237,237 - Avenida da India / Praca das Industrias,38.699093,-9.182262,||> 6h00 - 2h00,||> Anual: 25? ||> Mensal: 15? ||> Diário*: 2? *(Valor promocional conforme termos e condições) ||> Mais informações em: https://www.gira-bicicletasdelisboa.pt/passes-e-tarifarios/,"||> Utilizador Regular: Ref. MB, PayPal, Cartões de Crédito: VISA e MasterCard ||> Utilizador Ocasional: Paypal e Cartões de Crédito: VISA e MasterCard + Valor de Caução de 300?.",||> gira@emel.pt ||> (+351) 211 163 060 (Opção 2 (no IVR)),True,30-09-2022 00:00,14-07-2022 18:38,25-07-2025 07:00,
436,436 - Instituto Português de Oncologia,38.739395,-9.162447,||> 6h00 - 2h00,||> Anual: 25? ||> Mensal: 15? ||> Diário*: 2? *(Valor promocional conforme termos e condições) ||> Mais informações em: https://www.gira-bicicletasdelisboa.pt/passes-e-tarifarios/,"||> Utilizador Regular: Ref. MB, PayPal, Cartões de Crédito: VISA e MasterCard ||> Utilizador Ocasional: Paypal e Cartões de Crédito: VISA e MasterCard + Valor de Caução de 300?.",||> gira@emel.pt ||> (+351) 211 163 060 (Opção 2 (no IVR)),True,30-09-2022 00:00,16-09-2022 09:15,25-07-2025 07:00,
435,435 - Interface de Sete Rios,38.7405788,-9.1669549,||> 6h00 - 2h00,||> Anual: 25? ||> Mensal: 15? ||> Diário*: 2? *(Valor promocional conforme termos e condições) ||> Mais informações em: https://www.gira-bicicletasdelisboa.pt/passes-e-tarifarios/,"||> Utilizador Regular: Ref. MB, PayPal, Cartões de Crédito: VISA e MasterCard ||> Utilizador Ocasional: Paypal e Cartões de Crédito: VISA e MasterCard + Valor de Caução de 300?.",||> gira@emel.pt ||> (+351) 211 163 060 (Opção 2 (no IVR)),True,30-09-2022 00:00,20-09-2022 21:13,25-07-2025 07:00,
105,105 - CC Vasco da Gama,38.768548,-9.096222,||> 6h00 - 2h00,||> Anual: 25? ||> Mensal: 15? ||> Diário*: 2? *(Valor promocional conforme termos e condições) ||> Mais informações em: https://www.gira-bicicletasdelisboa.pt/passes-e-tarifarios/,"||> Utilizador Regular: Ref. MB, PayPal, Cartões de Crédito: VISA e MasterCard ||> Utilizador Ocasional: Paypal e Cartões de Crédito: VISA e MasterCard + Valor de Caução de 300?.",||> gira@emel.pt ||> (+351) 211 163 060 (Opção 2 (no IVR)),True,21-06-2017 00:00,02-05-2017 23:28,25-07-2025 07:00,1990094
